time_s,x_m,y_m,altitude_m,vz_m_s,speed_m_s,thrust_N
0.0,0.0,0.0,0.0,0.0,0.0,0.0
0.004,0.0,0.0,0.0,0.0,0.0,7.645333333333333
0.008,0.0,0.0,0.0,8.523917316277748E-4,8.523917316277748E-4,15.290666666666667
0.012,-3.6342898998503795E-12,-2.4173802735976196E-19,2.8422095684408398E-5,0.017054818354140477,0.01705481835414073,22.936000000000003
0.016,-3.8459086051748876E-11,-6.867730761756983E-18,1.6601112138243235E-4,0.055436673766787445,0.05543667376679009,30.581333333333333
0.02,-1.6780640482272129E-10,-4.4548367222387234E-17,5.014945555199731E-4,0.11600282755030215,0.11600282755031369,38.226666666666674
0.024,-4.91615141899763E-10,-1.7162864095980902E-16,0.0011236192139478874,0.19875808428448288,0.19875808428451666,45.87200000000001
0.028,-1.1464432730373902E-9,-4.95231063319034E-16,0.00212115104143363,0.30370719553770403,0.3037071955377828,53.51733333333334
0.032,-2.3054834532727406E-9,-1.1863642757211997E-15,0.0035828747908749374,0.4308548118030335,0.4308548118031919,61.16266666666667
0.036000000000000004,-4.1785830420534454E-9,-2.495038972835218E-15,0.005597593607096083,0.5802054764120981,0.5802054764123853,68.80800000000002
0.04000000000000001,-7.012269639248178E-9,-4.765393183362779E-15,0.008254128569620496,0.7517636109073407,0.7517636109078227,76.45333333333336
0.04400000000000001,-1.1089783190025306E-8,-8.450829408786147E-15,0.011641318176005817,0.9455335003348745,0.945533500335637,84.09866666666669
0.048000000000000015,-1.673111573195889E-8,-1.412916653592903E-14,0.015848017766876284,1.1615192787916102,1.1615192787927606,91.74400000000004
0.05200000000000002,-2.4293059840090156E-8,-2.2517809915411952E-14,0.020963098893575838,1.3997249151821678,1.3997249151838385,99.38933333333338
0.05600000000000002,-3.294345214088252E-8,-3.253880197879222E-14,0.027075448629211872,1.6601541991524866,1.660154199153895,107.03466666666671
0.06,-4.159384444167484E-8,-4.2559794042172425E-14,0.03427396882374405,1.9428107271752075,1.942810727176411,114.68
0.064,-5.024423674246721E-8,-5.258078610555269E-14,0.04263396831291255,2.237492504151913,2.2374925041529585,115.28215384615386
0.068,-5.889462904325958E-8,-6.260177816893296E-14,0.05217633659971241,2.5339950879628885,2.5339950879638113,115.8843076923077
0.07200000000000001,-6.754502134405194E-8,-7.262277023231323E-14,0.0629083564519735,2.8323182479758575,2.832318247976683,116.48646153846155
0.07600000000000001,-7.619541364484431E-8,-8.26437622956935E-14,0.07483730970327437,3.132461747420893,3.1324617474216394,117.0886153846154
0.08000000000000002,-8.484580594563667E-8,-9.266475435907377E-14,0.08797047722533667,3.434425341923224,3.434425341923905,117.69076923076925
0.08400000000000002,-9.349619824642904E-8,-1.0268574642245403E-13,0.10231513889519452,3.7382087783400135,3.7382087783406392,118.29292307692309
0.08800000000000002,-1.021465905472214E-7,-1.127067384858343E-13,0.11787857355816858,4.043811793814311,4.043811793814889,118.89507692307694
0.09200000000000003,-1.1079698284801377E-7,-1.2272773054921457E-13,0.13466805898739143,4.351234114988991,4.351234114989528,119.49723076923078
0.09600000000000003,-1.1944737514880615E-7,-1.3274872261259483E-13,0.1526908718404413,4.660475457341561,4.660475457342063,120.09938461538462
0.10000000000000003,-1.280977674495985E-7,-1.4276971467597508E-13,0.17195428761350945,4.971535524612273,4.971535524612744,120.70153846153846
0.10400000000000004,-1.3674815975039088E-7,-1.5279070673935534E-13,0.19246558059343216,5.284414008305555,5.284414008305998,121.30369230769233
0.10800000000000004,-1.4539855205118324E-7,-1.628116988027356E-13,0.21423202380785,5.599110587249996,5.599110587250413,121.90584615384616
0.11200000000000004,-1.540489443519756E-7,-1.7283269086611585E-13,0.23726088897370498,5.9156249272057195,5.915624927206115,122.50800000000001
0.11600000000000005,-1.6269933665276797E-7,-1.828536829294961E-13,0.2615594464442473,6.233956680510595,6.233956680510969,123.11015384615385
0.12000000000000005,-1.7134972895356034E-7,-1.9287467499287636E-13,0.2871349651546933,6.554105485758595,6.554105485758952,123.7123076923077
0.12400000000000005,-1.800001212543527E-7,-2.0289566705625661E-13,0.31399471256665223,6.876070967505048,6.876070967505388,124.31446153846156
0.12800000000000006,-1.8865051355514507E-7,-2.1291665911963687E-13,0.34214595461142056,7.199852735994552,7.199852735994877,124.9166153846154
0.13200000000000006,-1.9730090585593743E-7,-2.2293765118301713E-13,0.37159595563222736,7.525450386908168,7.525450386908479,125.51876923076924
0.13600000000000007,-2.059512981567298E-7,-2.329586432463974E-13,0.4023519783255025,7.852863501127095,7.852863501127392,126.12092307692309
0.14000000000000007,-2.1460169045752217E-7,-2.4297963530977764E-13,0.4344212836812287,8.182091644510558,8.182091644510844,126.72307692307695
0.14400000000000007,-2.2325208275831453E-7,-2.530006273731579E-13,0.46781113092243,8.513134367686003,8.513134367686279,127.32523076923079
0.14800000000000008,-2.319024750591069E-7,-2.6302161943653815E-13,0.5025287774438432,8.84599120585001,8.845991205850275,127.92738461538464
0.15200000000000008,-2.4055286735989926E-7,-2.730426114999184E-13,0.5385814787498121,9.180661678578597,9.180661678578852,128.52953846153846
0.15600000000000008,-2.492032596606916E-7,-2.8306360356329866E-13,0.57597648839144,9.517145289645773,9.517145289646018,129.1316923076923
0.1600000000000001,-2.57853651961484E-7,-2.930845956266789E-13,0.6147210579030306,9.855441526849395,9.855441526849633,129.73384615384617
0.1640000000000001,-2.6650404426227636E-7,-3.0310558769005917E-13,0.6548224367378461,10.195549861843471,10.1955498618437,130.336
0.1680000000000001,-2.751544365630687E-7,-3.1312657975343943E-13,0.6962878722032066,10.537469749976227,10.537469749976449,130.93815384615385
0.1720000000000001,-2.838048288638611E-7,-3.231475718168197E-13,0.7391246093949514,10.881200630133305,10.88120063013352,131.5403076923077
0.1760000000000001,-2.9245522116465345E-7,-3.3316856388019994E-13,0.7833398911312826,11.226741924585568,11.226741924585776,132.14246153846156
0.1800000000000001,-3.011056134654458E-7,-3.431895559435802E-13,0.8289409578860087,11.57409303884102,11.574093038841223,132.7446153846154
0.1840000000000001,-3.097560057662382E-7,-3.5321054800696045E-13,0.8759350476150024,11.92325304614282,11.923253046143017,133.34676923076924
0.1880000000000001,-3.1840639806703055E-7,-3.632315400703407E-13,0.9243293896281549,12.274218807149657,12.274218807149847,133.9489230769231
0.19,-3.227315942174265E-7,-3.6824203610203055E-13,0.9490539117316972,12.450378479596157,12.450378479596345,134.25
0.19299999999999984,-3.2921938844302045E-7,-3.7575778014956533E-13,0.9868021701804127,12.71521255952278,12.715212559522964,134.46942857142855
0.19699999999999984,-3.378697807438128E-7,-3.857787722129456E-13,1.0383705346236412,13.069121324797361,13.06912132479754,134.76199999999997
0.20099999999999985,-3.465201730446052E-7,-3.9579976427632584E-13,1.091356353292783,13.423939474705373,13.423939474705547,135.05457142857142
0.20499999999999985,-3.5517056534539754E-7,-4.058207563397061E-13,1.145763261344471,13.779665816133367,13.779665816133537,135.34714285714284
0.20899999999999985,-3.638209576461899E-7,-4.1584174840308635E-13,1.2015948891369093,14.136299142975568,14.136299142975735,135.63971428571426
0.21299999999999986,-3.724713499469823E-7,-4.258627404664666E-13,1.2588548621778441,14.493838236103846,14.493838236104008,135.93228571428568
0.21699999999999986,-3.8112174224777464E-7,-4.3588373252984686E-13,1.317546801072415,14.852281863337893,14.852281863338051,136.22485714285713
0.22099999999999986,-3.89772134548567E-7,-4.459047245932271E-13,1.3776743214708862,15.211628779415616,15.21162877941577,136.51742857142855
0.22499999999999987,-3.9842252684935937E-7,-4.559257166566074E-13,1.4392410340162614,15.571877725963745,15.571877725963896,136.81
0.22899999999999987,-4.0707291915015174E-7,-4.659467087199877E-13,1.5022505442917797,15.933027431468656,15.933027431468803,137.10257142857142
0.23299999999999987,-4.157233114509441E-7,-4.75967700783368E-13,1.566706452768297,16.29507661124741,16.295076611247552,137.39514285714284
0.23699999999999988,-4.2437370375173647E-7,-4.859886928467483E-13,1.632612354751551,16.658023967419034,16.658023967419172,137.68771428571426
0.24099999999999988,-4.3302409605252883E-7,-4.960096849101286E-13,1.6999718403293116,17.021868188875615,17.02186818887575,137.9802857142857
0.24499999999999988,-4.416744883533212E-7,-5.06030676973509E-13,1.7687884943182042,17.38660795109605,17.386607951096185,138.27285714285713
0.2489999999999999,-4.5032488065411356E-7,-5.160516690368893E-13,1.8390658962099822,17.75224191626132,17.75224191626145,138.56542857142855
0.2529999999999999,-4.5897527295490593E-7,-5.260726611002696E-13,1.910807620118898,18.118768733386965,18.118768733387093,138.858
0.2569999999999999,-4.676256652556983E-7,-5.360936531636499E-13,1.9840172347285965,18.486187038149215,18.48618703814934,139.15057142857142
0.2609999999999999,-4.7627605755649066E-7,-5.461146452270302E-13,2.058698303238703,18.854495452857638,18.854495452857762,139.44314285714285
0.2649999999999999,-4.84926449857283E-7,-5.561356372904105E-13,2.134854383311304,19.22369258642805,19.22369258642817,139.73571428571427
0.2689999999999999,-4.935768421580754E-7,-5.661566293537908E-13,2.2124890270173148,19.59377703435566,19.593777034355778,140.02828571428572
0.2729999999999999,-5.022272344588678E-7,-5.761776214171711E-13,2.2916057807827475,19.964747378688454,19.96474737868857,140.32085714285714
0.2769999999999999,-5.108776267596601E-7,-5.861986134805514E-13,2.3722081853348667,20.33660218800085,20.336602188000963,140.61342857142859
0.2809999999999999,-5.195280190604525E-7,-5.962196055439317E-13,2.454299775648245,20.709340017367595,20.70934001736771,140.906
0.2869999999999999,-5.713750473539293E-7,-6.232619297804446E-13,2.580237102874162,21.270099229572633,21.270099229578054,141.34485714285717
0.29599999999999993,-7.987175816278459E-7,-7.853007896137145E-13,2.7754664749993645,22.11494621765199,22.114946217680465,142.00314285714285
0.30949999999999994,-1.4928248585123013E-6,-1.6405248492264193E-12,3.0826172211783507,23.390526101503056,23.39052610160103,142.99057142857143
0.32949999999999996,-3.3561606898940087E-6,-5.441742975623778E-12,3.5694712428963116,25.298487790310418,25.298487790589206,144.4534285714286
0.3495,-6.242574467691588E-6,-1.4057211948223196E-11,4.094700529422702,27.228018595076918,27.22801859560981,145.91628571428572
0.3695,-1.0188785887450265E-5,-2.948818772851593E-11,4.658734394981794,29.178910259085786,29.178910259951138,147.37914285714285
0.3895,-1.5249009302927785E-5,-5.380440576846785E-11,5.261997901611955,31.150945809728302,31.150945811002238,148.842
0.4,-1.8368872404576396E-5,-7.083763372159381E-11,5.59455726463867,32.19465293164272,32.194652933160796,149.61
0.41575000000000006,-2.366600708320435E-5,-1.0274589055351695E-10,6.114005120358692,33.76820381540792,33.76820381732947,150.27858750000001
0.4357500000000001,-3.149133859705082E-5,-1.5573777732015325E-10,6.80943627101362,35.77684903687109,35.77684903937494,151.1275875
0.4557500000000001,-4.059746737639105E-5,-4.902709557383307E-9,7.5451557680778825,37.796996936995676,37.79699694014154,151.97658750000002
0.4757500000000001,-5.1009492699855055E-5,-9.548054704953037E-9,8.32139115565188,39.82839564979995,39.82839565365051,152.8255875
0.49575000000000014,-6.276095811007873E-5,-1.4090546776068217E-8,9.138364885411862,41.870787802672886,41.870787807286376,153.67458750000003
0.5157500000000002,-7.588099792840414E-5,-1.852929264660303E-8,9.996294206833566,43.92391055553924,43.92391056096899,154.52358750000002
0.5357500000000002,-9.039427521007061E-5,-2.2863722276184846E-8,10.895391058300014,45.987495647329176,45.98749565362319,155.3725875
0.5557500000000002,-1.0632094548176216E-4,-2.7093576847411033E-8,11.835861959184692,48.06126944706268,48.061269454263254,156.2215875
0.5757500000000002,-1.2367664647192355E-4,-3.121889544187635E-8,12.817907903003432,50.14495300965309,50.14495301779649,157.07058750000002
0.5957500000000002,-1.4247251345202307E-4,-3.524000034313149E-8,13.84172425142167,52.23826203734622,52.23826204646494,157.9195875
0.6,-1.4665344362310373E-4,-4.007193982281946E-8,14.064684552834168,52.684302772652075,52.68430278198078,158.1
0.6063749999999997,-1.5304744234984186E-4,-4.725314352061274E-8,14.402681175797836,53.353940456259245,53.35394046590482,158.28073125
0.6159374999999991,-1.6291445599217127E-4,-5.787472233330124E-8,14.917684497806835,54.359363963190006,54.359363973314785,158.55182812499996
0.6302812499999983,-1.7833612727124627E-4,-7.346882085114711E-8,15.708229951576623,55.86961142930364,55.86961144015457,158.95847343749995
0.6502812499999984,-2.0108194436998012E-4,-9.453476388903998E-8,16.84671289772648,57.97944830831206,57.97944832020174,159.52547343749995
0.6702812499999984,-2.2538112024632324E-4,-1.9060138767333704E-7,18.027437493634423,60.093726457616306,60.09372647075885,160.09247343749996
0.6902812499999984,-2.514022772630031E-4,-3.851201908922107E-7,19.250489557317312,62.21214461358884,62.21214462815647,160.65947343749997
0.7102812499999984,-2.7932663316122206E-4,-7.440582257359083E-7,20.515948850417555,64.33439842154304,64.33439843781858,161.22647343749998
0.7302812499999984,-3.09402371284724E-4,-1.2476432224222633E-6,21.82388901754131,66.46018055236324,66.46018057073994,161.79347343749996
0.7502812499999985,-3.419635684130742E-4,-1.7353026578105277E-6,23.174377527974098,68.5891807275362,68.58918074854353,162.36047343749996
0.7702812499999985,-3.774937283391311E-4,-1.9789855610513624E-6,24.56747560408952,70.72108442709535,70.72108445157892,162.92747343749997
0.7902812499999985,-4.1664840499788173E-4,-1.7967267787432024E-6,26.003238153357504,72.85557519773451,72.85557522685933,163.49447343749995
0.8,-4.371875459959426E-4,-1.4979198850111719E-6,26.716347217536736,73.89364321588751,73.89364324770412,163.77
0.8145781250000024,-4.700555056649329E-4,-7.21541496509023E-7,27.80492855689459,75.45070435802695,75.4507043944638,164.00543671875005
0.8345781250000024,-5.195382896775495E-4,1.1531765580613448E-6,29.335292055324587,77.58532738518214,77.58532742908872,164.32843671875005
0.8545781250000024,-5.744445284199045E-4,4.087161341925707E-6,30.908327877363362,79.71788406912826,79.71788412163207,164.65143671875006
0.8745781250000024,-6.351727641089125E-4,8.223797787794886E-6,32.52399153600964,81.84805834200085,81.8480584045821,164.97443671875004
0.8945781250000024,-7.022944739001523E-4,1.3572581087285816E-5,34.18223222020552,83.97553389382898,83.97553396839535,165.29743671875002
0.9145781250000025,-7.765503333941546E-4,1.9823764800910604E-5,35.88299279165711,86.09999386154276,86.09999395071597,165.62043671875006
0.9345781250000025,-8.587365310169261E-4,2.6289597403035205E-5,37.626209726452835,88.22111696209619,88.22111706820317,165.94343671875004
0.9545781250000025,-9.492830871168168E-4,3.2099658090989064E-5,39.411813110890535,90.33858609050793,90.3385862154865,166.26643671875007
0.9745781250000025,-0.0010486289176325863,3.6464318641050186E-5,41.2397267030746,92.45208508825154,92.45208523417546,166.58943671875005
0.9945781250000025,-0.0011569579555300725,3.878913646247377E-5,43.109867943720445,94.56129840411312,94.56129857242831,166.91243671875003
1.0,-0.0011878667636097576,3.905345724395492E-5,43.62411562390731,95.13231349467654,95.13231366903211,167.0
1.0081328124999962,-0.0012354139521225085,3.9193624553331275E-5,44.40128660340826,95.98702423444789,95.9870244177493,166.76492299107156
1.0203320312499904,-0.0013093045781125828,3.897124384319266E-5,45.58004484033844,97.2632302889696,97.26323048532346,166.41230747767884
1.0386308593749818,-0.0014255520406885173,3.817703012108479E-5,47.37726552349617,99.16423580954131,99.16423602395525,165.8833842075898
1.0586308593749818,-0.001559183153451393,3.762377738619004E-5,49.38117525946108,101.22350319550053,101.22350342646403,165.30528896949457
1.0786308593749818,-0.00169859269904283,3.85159104553549E-5,51.426075433103414,103.26323720540826,103.26323744899092,164.72719373139932
1.0986308593749818,-0.0018424040610784355,4.190667267472031E-5,53.51157283492029,105.28318526081092,105.28318551217332,164.1490984933041
1.1186308593749819,-0.001988974792772705,4.901485202574546E-5,55.63726935951297,107.28311088973176,107.28311114424172,163.57100325520884
1.1386308593749819,-0.002137224692004283,6.0426578674246833E-5,57.80276227067723,109.2627867207379,109.26278697649529,162.99290801711362
1.158630859374982,-0.002287133310034425,7.546588642757229E-5,60.00764436892227,111.22199381452242,111.22199407451279,162.4148127790184
1.178630859374982,-0.002440166427796992,9.266029305674692E-5,62.25150416116011,113.16052176872091,113.16052203801958,161.83671754092313
1.198630859374982,-0.00259841081147219,1.098009878973378E-4,64.53392603246986,115.0781688172173,115.0781691047855,161.25862230282792
1.21,-0.002691843702927262,1.1861189095626968E-4,65.84841579808644,116.15888603369727,116.15888633609168,160.93
1.227053710937527,-0.002838144980152827,1.2944743255323318E-4,67.84306766968756,117.76301697355412,117.76301730498542,159.84125519119894
1.247053710937527,-0.003020675621705438,1.3707399974702145E-4,70.21689324659894,119.61410073937938,119.614101113248,158.56441308593577
1.267053710937527,-0.003216714530939287,1.3777232226413642E-4,72.62741370116969,121.4324861350264,121.4324865601649,157.28757098067263
1.287053710937527,-0.0034273881397974223,1.307522681413201E-4,75.07397406157803,123.21807728549065,123.21807776984697,156.01072887540946
1.307053710937527,-0.003652878285726899,1.1764746581923137E-4,77.55591764641196,124.97079681408016,124.97079735735747,154.73388677014628
1.327053710937527,-0.0038924316659067525,1.0248116038688995E-4,80.07258636251743,126.69058089871939,126.69058149887542,153.45704466488314
1.3470537109375271,-0.00414426295945414,9.009511918881414E-5,82.62332097500611,128.3773791638309,128.37737980897714,152.18020255961997
1.3670537109375271,-0.0044063073642347855,8.492413512538374E-5,85.20746137449892,130.03115451596958,130.0311551992703,150.90336045435683
1.3870537109375272,-0.00467697408485204,8.914789926603224E-5,87.82434684145242,131.65188300093035,131.65188371666736,149.62651834909366
1.4,-0.004856224711406638,9.74462403208138E-5,89.53544214103248,132.683378837887,132.68337957581187,148.8
1.419419433593709,-0.005131167668047762,1.1860038276580002E-4,92.12686224169678,134.1988589448089,134.1988597186327,146.8376662353557
1.439419433593709,-0.005422174528505214,1.5045927910779924E-4,94.82607652365213,135.71503399338954,135.71503480940873,144.8166662353557
1.459419433593709,-0.005722680682548782,1.8996299983656934E-4,97.55516256829051,137.18605346446,137.18605433145578,142.79566623535572
1.479419433593709,-0.006033746938476204,2.3408340147338584E-4,100.31321843307326,138.61203977995032,138.612040703182,140.7746662353557
1.499419433593709,-0.006356079584555681,2.7844962311941593E-4,103.09934497011507,139.9931479556894,139.99314893280874,138.75366623535575
1.519419433593709,-0.006690005986836431,3.186709635658481E-4,105.91264630258472,141.32954906566204,141.32955009943385,136.7326662353557
1.539419433593709,-0.007036358435391899,3.5029343336402354E-4,108.75223012206237,142.62142878916498,142.62142988590654,134.71166623535572
1.559419433593709,-0.007395291886978381,3.725649224380318E-4,111.6172079751237,143.86898684194813,143.8689880038232,132.6906662353557
1.579419433593709,-0.007766065520261693,3.881256061498301E-4,114.50669553788612,145.07243636709333,145.07243758789573,130.66966623535572
1.6,-0.008157787502790548,4.0163354096430117E-4,117.5047198505018,146.26501057400117,146.26501183849643,128.59
1.62,-0.008544703132210585,4.142755195432887E-4,120.44093701918831,147.33437891042223,147.33438019220455,121.0366666666666
1.63,-0.00873905649852599,4.211051289251433E-4,121.91673145377513,147.81895940125133,147.81896068141225,117.26
1.6449999999999996,-0.009030563140424342,4.327845474873586E-4,124.13901610853489,148.46808097165203,148.46808224457445,109.07750000000017
1.65,-0.009127667788900581,4.37212033051547E-4,124.88184381552702,148.66105694465548,148.66105821592203,106.35
1.6575000000000004,-0.009273343028780962,4.4441609579601104E-4,125.99777144482404,148.9085904240892,148.90859169479663,95.74199999999934
1.668750000000001,-0.009492048503245287,4.5660323387438696E-4,127.67452313486426,149.15584311963607,149.15584439258018,79.82999999999836
1.6856250000000021,-0.009820937886934502,4.7809590030048146E-4,130.1927828732828,149.24925867800232,149.24925996528984,55.961999999996834
1.7,-0.010103144770262125,4.98781327542503E-4,132.33722488868736,149.06806648769046,149.0680678006701,35.63
1.72,-0.010501427176757403,5.291053802338564E-4,135.31312163249774,148.4576133553109,148.45761472839183,11.876666666666688
1.73,-0.01070415109164387,5.44033460821234E-4,136.7955336721992,148.0089270465521,148.00892846202277,0.0
1.745,-0.011014016874475724,5.656288251325455E-4,139.01010104048447,147.26779975328213,147.2678012439321,0.0
1.7650000000000001,-0.011439461972290845,5.918234781918802E-4,141.9456561775905,146.28959651060848,146.28959811276275,0.0
1.7850000000000001,-0.011877897925341678,6.141344104192569E-4,144.86175945547822,145.32257666302394,145.32257836088377,0.0
1.8050000000000002,-0.012325407511321095,6.32953664853706E-4,147.75863233243663,144.3665202556802,144.36652201516807,0.0
1.8250000000000002,-0.012776963313197094,6.503368197395245E-4,150.6364919272195,143.42121325999562,143.4212150402201,0.0
1.8450000000000002,-0.01322702313985431,6.688010860041228E-4,153.49555113578577,142.48644738468457,142.48644914692454,0.0
1.8650000000000002,-0.013670809184394799,6.912782392845377E-4,156.33601874405986,141.56201989517837,141.56202160626705,0.0
1.8850000000000002,-0.014106116618429193,7.171937341649272E-4,159.1580995373308,140.64773342738005,140.64773508625981,0.0
1.9050000000000002,-0.014534838885688534,7.44384446097666E-4,161.9619944056788,139.74339579261576,139.74339742881253,0.0
1.9250000000000003,-0.014962008190367517,7.701608722666901E-4,164.74790044564412,138.84881979952726,138.84882145468254,0.0
1.9450000000000003,-0.015392216763217566,7.928576483886876E-4,167.51601105876577,137.96382311471086,137.96382481380206,0.0
1.9650000000000003,-0.015827795940820663,8.107646341828195E-4,170.26651604703244,137.08822808380876,137.08822984285592,0.0
1.9850000000000003,-0.016270076975123997,8.232507711801001E-4,172.9996017049057,136.2218615914483,136.2218634142077,0.0
2.0050000000000003,-0.01671860104257434,8.306756945558059E-4,175.7154508972061,135.3645521248055,135.3645540086113,0.0
2.0250000000000004,-0.01717274878697475,8.336376042047715E-4,178.41424298469195,134.51612307007053,134.5161250072923,0.0
2.0450000000000004,-0.01763112429643201,8.32829499014371E-4,181.09615395017414,133.67641364189262,133.67641561914806,0.0
2.0650000000000004,-0.018091591001600755,8.295724057136243E-4,183.76135662212803,132.84526807562605,132.84527007479622,0.0
2.0850000000000004,-0.018552458221670728,8.253545708119377E-4,186.41002075191855,132.0225344111812,132.02253641902308,0.0
2.1050000000000004,-0.01901206701386119,8.227480250050182E-4,189.04231308888043,131.20806438205346,131.20806638529004,0.0
2.1250000000000004,-0.01946947585600759,8.237667902224598E-4,191.65839745290555,130.4017132936647,130.40171528877727,0.0
2.1450000000000005,-0.019925370133437488,8.301844072951416E-4,194.2584348047929,129.60333991094308,129.6033419176591,0.0
2.1650000000000005,-0.020382783807078694,8.430707879444101E-4,196.84258331442365,128.81280636798135,128.81280841624582,0.0
2.1850000000000005,-0.020844603843395895,8.614867381555197E-4,199.4109984273196,128.02997807084523,128.02998018357243,0.0
2.2050000000000005,-0.02131274878809364,8.832528287696752E-4,201.96383292887467,127.25472358653258,127.25472577573774,0.0
2.2250000000000005,-0.02178742042091271,9.054630656772099E-4,204.50123700670827,126.48691455386952,126.48691681174355,0.0
2.2450000000000006,-0.022266964885891704,9.247140020976364E-4,207.02335831100174,125.72642557285991,125.72642787900627,0.0
2.2650000000000006,-0.02274918720954163,9.392544501456257E-4,209.53034201276344,124.97313411775694,124.97313644932782,0.0
2.2850000000000006,-0.023231642696524606,9.490611479061765E-4,212.02233086067073,124.2269204593774,124.2269227981069,0.0
2.3050000000000006,-0.023713048629837894,9.555658291720207E-4,214.49946523600622,123.48766758007477,123.48766991885066,0.0
2.3250000000000006,-0.02419285984367464,9.613526958109523E-4,216.9618832062288,122.75526110047396,122.75526343598614,0.0
2.3450000000000006,-0.024670978784530402,9.692762608379077E-4,219.40972057692025,122.02958920114096,122.02959153452353,0.0
2.3650000000000007,-0.025147658276421285,9.811572745888543E-4,221.84311094233055,121.31054255307005,121.31054489259789,0.0
2.3850000000000007,-0.02562387660072234,9.97720723652196E-4,224.2621857344418,120.59801425055458,120.59801660674017,0.0
2.4050000000000007,-0.026100963886283312,0.0010180530179657041,226.6670742707157,119.89189973604613,119.89190212193665,0.0
2.4250000000000007,-0.02657990678320254,0.0010409206323525888,229.05790380041444,119.19209673242936,119.19209915672654,0.0
2.4450000000000007,-0.027061671180757644,0.0010652228591376644,231.43479954949504,118.4985045960901,118.49850706725253,0.0
2.4650000000000007,-0.027546901193329924,0.0010896154370158603,233.79788469304913,117.81101940104374,117.81102192398599,0.0
2.4850000000000008,-0.028035956853078907,0.0011125067270463976,236.14728039574752,117.12954476210031,117.12954734163564,0.0
2.505000000000001,-0.028529249683424625,0.0011318854305565477,238.48310593062575,116.45398720744656,116.45398984438197,0.0
2.525000000000001,-0.0290263711196833,0.0011462973107460345,240.80547872123685,115.78425524809501,115.78425793492242,0.0
2.545000000000001,-0.02952657424529116,0.0011554594763017092,243.11451438054542,115.12025930362992,115.12026203648266,0.0
2.565000000000001,-0.030029584583152233,0.0011599648381497372,245.410326748627,114.46191166078111,114.46191443796951,0.0
2.585000000000001,-0.030535221649067353,0.0011612552753403655,247.69302792959002,113.80912642310422,113.80912924721457,0.0
2.605000000000001,-0.031043794606138278,0.0011619142700281969,249.9627283273193,113.16181946341545,113.16182233556117,0.0
2.625000000000001,-0.03155496157493446,0.0011640884512492827,252.21953668056943,112.51990838218686,112.51991129772092,0.0
2.645000000000001,-0.03206831892906846,0.0011690702854859948,254.4635600968839,111.88331245181799,111.883315408986,0.0
2.665000000000001,-0.03258391774116235,0.0011772982243838325,256.6949040856531,111.25195257872687,111.2519555817734,0.0
2.685000000000001,-0.03310213966477511,0.0011882685729420785,258.9136725904188,110.62575126423374,110.62575431831189,0.0
2.705000000000001,-0.03362356086581712,0.0012014699507783032,261.11996802026675,110.00463255843866,110.00463567012183,0.0
2.725000000000001,-0.03414862869573186,0.0012160071188643178,263.31389128052325,109.38852201997739,109.38852519882835,0.0
2.745000000000001,-0.03467827580373298,0.0012308412504694432,265.49554180239625,108.77734668204346,108.77734993796784,0.0
2.765000000000001,-0.03521298820936263,0.0012452053970195196,267.66501757229014,108.17103501902018,108.17103835685687,0.0
2.785000000000001,-0.03575276991104891,0.0012584624024856456,269.8224151601656,107.56951690568306,107.56952032453783,0.0
2.805000000000001,-0.03629725269825955,0.0012704405626083977,271.96782974714796,106.97272358178935,106.97272707398385,0.0
2.825000000000001,-0.036845420597216266,0.0012817208694455194,274.1013551525368,106.3805876159743,106.38059116660169,0.0
2.845000000000001,-0.037395881292808825,0.0012927237757038618,276.22308385995876,105.79304286881758,105.79304645775525,0.0
2.865000000000001,-0.03794707333918118,0.001303927229835704,278.33310704289823,105.21002445683622,105.21002806768664,0.0
2.885000000000001,-0.03849800602613702,0.0013162401289982019,280.43151458950075,104.6314687276332,104.63147235165044,0.0
2.905000000000001,-0.03904827987697526,0.0013305247474712158,282.51839512696733,104.05731323325621,104.05731687038687,0.0
2.925000000000001,-0.03959826789070681,0.0013475194880546953,284.593836045312,103.48749670057423,103.48750035933205,0.0
2.945000000000001,-0.04014857488206749,0.001367832443492221,286.65792352068144,102.92195901049291,102.92196269881943,0.0
2.965000000000001,-0.04069969147735086,0.0013914950840803097,288.7107425381153,102.36064116579344,102.36064488971577,0.0
2.985000000000001,-0.04125205939558959,0.0014182381491155262,290.752376913621,101.80348525618687,101.8034890223202,0.0
3.0050000000000012,-0.041806028928838564,0.0014477174082413449,292.78290930622273,101.25043298757052,101.25043680016847,0.0
3.0250000000000012,-0.04236189773969417,0.0014793787519783957,294.80242120766354,100.70142691423406,100.70143077776322,0.0
3.0450000000000013,-0.0429200189237936,0.001512212584078428,296.81099299285876,100.15641233327077,100.15641625250646,0.0
3.0650000000000013,-0.043480768716155686,0.0015452507878569977,298.8087039531746,99.61533556174687,99.61533953998568,0.0
3.0850000000000013,-0.04404435187544442,0.0015774598288537647,300.7956323160359,99.07814388027266,99.07814792174342,0.0
3.1050000000000013,-0.04461096678277307,0.0016081112610212564,302.7718552639763,98.5447855183559,98.54478962406733,0.0
3.1250000000000013,-0.04518068723298774,0.001636548698962684,304.73744895333886,98.01520962282466,98.01521379492321,0.0
3.1450000000000014,-0.04575354656797797,0.0016622142040948259,306.6924885324873,97.48936624649393,97.48937048428411,0.0
3.1650000000000014,-0.04632938530652277,0.0016849998225658069,308.6370481596915,96.96720632347737,96.96721062466318,0.0
3.1850000000000014,-0.046907840540025086,0.0017055604349377905,310.57120102055995,96.44868164761013,96.44868600791318,0.0
3.2050000000000014,-0.04748869163668457,0.0017247797207529006,312.4950193449151,95.93374484795855,95.93374926497444,0.0
3.2250000000000014,-0.04807166146946747,0.0017435678591652675,314.40857442347505,95.4223493760431,95.42235384931548,0.0
3.2450000000000014,-0.04865677198079976,0.0017629204459113895,316.3119366240075,94.914449489225,94.91445401839722,0.0
3.2650000000000015,-0.04924384901398602,0.0017837051161924361,318.20517540738314,94.41000023145958,94.41000481621019,0.0
3.2850000000000015,-0.04983298144448791,0.001806679744733805,320.088359342992,93.90895741078631,93.90896205610534,0.0
3.3050000000000015,-0.05042438340821371,0.0018322691418424116,321.961556124017,93.41127759675612,93.41128230474028,0.0
3.3250000000000015,-0.05101819986074107,0.001860605579848337,323.8248325823767,92.91691808664275,92.91692286437875,0.0
3.3450000000000015,-0.051614857761136966,0.0018914759469255001,325.6782547031709,92.42583690382759,92.42584175684176,0.0
3.3650000000000015,-0.05221457126864097,0.001924219946230594,327.5218876390838,91.93799277730477,91.9379977083852,0.0
3.3850000000000016,-0.052817615628297385,0.0019578095233931587,329.3557957241976,91.453345115002,91.45335013147763,0.0
3.4050000000000016,-0.05342443281557828,0.0019910311748645073,331.18004248754943,90.97185400513754,90.9718591126533,0.0
3.4250000000000016,-0.05403523605185384,0.0020228738570468104,332.9946906666024,90.49348019936056,90.49348539874634,0.0
3.4450000000000016,-0.054649839685793025,0.0020524061187345583,334.79980222038245,90.0181850967865,90.01819038361135,0.0
3.4650000000000016,-0.055267754633402395,0.0020789874199709088,336.5954383422334,89.54593073147882,89.54593609315792,0.0
3.4850000000000017,-0.055888068427598296,0.002102207685192129,338.381659472373,89.07667974933179,89.07668517206784,0.0
3.5050000000000017,-0.05650989728378051,0.00212198527800528,340.1585253099755,88.61039540305099,88.6104008697753,0.0
3.5250000000000017,-0.05713234264574299,0.002138472104206076,341.9260948251746,88.14704153083589,88.14704703023651,0.0
3.5450000000000017,-0.057754925143888886,0.0021522174408562054,343.6844262706779,87.68658255124984,87.68658807873503,0.0
3.5650000000000017,-0.058377419987841406,0.0021639773142193767,345.43357719330567,87.22898345519496,87.22898900833094,0.0
3.5850000000000017,-0.058999761349691655,0.002174802969621212,347.1736044452727,86.77420978859752,86.77421536867713,0.0
3.6050000000000018,-0.05962198960108286,0.00218601949805366,348.9045641952062,86.32222764579889,86.32223325315157,0.0
3.6250000000000018,-0.060244124780180264,0.002199171860004697,350.6265119389564,85.87300365224782,85.87300928879111,0.0
3.645000000000002,-0.06086625110837933,0.00221574744639387,352.33950251015403,85.42650495854953,85.42651062851235,0.0
3.665000000000002,-0.061488669470405745,0.002236787871341953,354.04359009058635,84.98269922927844,84.9827049408228,0.0
3.685000000000002,-0.062111797402908356,0.002262797095823175,355.738828220445,84.54155454418334,84.54156030651995,0.0
3.705000000000002,-0.06273614725044788,0.0022936378156111726,357.42526979684106,84.10303859911402,84.10304442375649,0.0
3.725000000000002,-0.06336234789224092,0.002328748073277566,359.1029670832103,83.66712044474603,83.66712634603834,0.0
3.745000000000002,-0.06399122331292748,0.002367010608419902,360.77197173114894,83.23376973801714,83.23377573071055,0.0
3.765000000000002,-0.06462345428067416,0.0024072146463604356,362.43233479007034,82.80295660131493,82.80296269606968,0.0
3.785000000000002,-0.0652595184315536,0.002448260520877558,364.0841067163814,82.3746516111547,82.37465781482413,0.0
3.805000000000002,-0.06589956352089418,0.0024892533118775055,365.72733738254755,81.94882579528019,81.94883210667764,0.0
3.825000000000002,-0.06654328915823204,0.0025294897798322333,367.36207608598363,81.5254506171925,81.52545702811597,0.0
3.845000000000002,-0.06719021730575603,0.0025685497186799695,368.98837155758434,81.10449796034415,81.10450446243573,0.0
3.865000000000002,-0.06783990457356456,0.002606118760589982,370.6062719701075,80.68594012850212,80.68594671280528,0.0
3.885000000000002,-0.0684918025720445,0.002642028699787852,372.21582494655024,80.2697498383689,80.26975649431803,0.0
3.905000000000002,-0.06914529729412532,0.002676339381300037,373.8170775682854,79.85590021181717,79.85590692518716,0.0
3.925000000000002,-0.06979968598424707,0.0027091517004442056,375.4100763830575,79.44436475999758,79.44437151911366,0.0
3.945000000000002,-0.07045433421941931,0.0027406082773659994,376.9948674127598,79.03511738767868,79.03512417833433,0.0
3.965000000000002,-0.07110860489086868,0.002771022104641812,378.57149616115987,78.62813237439143,78.62813918677178,0.0
3.985000000000002,-0.07176210504925946,0.0028008192359007355,380.1400076213595,78.22338437406097,78.22339120257149,0.0
4.005000000000002,-0.07241464696475272,0.002830504561416503,381.70044628321966,77.8208484072397,77.82085525096137,0.0
4.025000000000001,-0.07306630529935104,0.002860526921343999,383.252856140614,77.42049985344663,77.42050671769665,0.0
4.045000000000001,-0.07371745871827844,0.002891145841801502,384.79728069855275,77.02231444689355,77.02232134169212,0.0
4.065,-0.07436864949547882,0.002922409474708345,386.3337629802283,76.62626826964109,76.62627520805118,0.0
4.085,-0.07502051120283376,0.0029543828886291644,387.86234553389477,76.23233774469647,76.23234474119877,0.0
4.1049999999999995,-0.07567371804237508,0.0029871551309108247,389.3830704396245,75.84049962948367,75.8405066998119,0.0
4.124999999999999,-0.07632891555429352,0.0030206987962290814,390.8959793159622,75.45073101434201,75.45073817066361,0.0
4.144999999999999,-0.0769865663817224,0.0030548638347463256,392.4011133264971,75.06300931135554,75.06301656285318,0.0
4.164999999999998,-0.07764705972588487,0.003089408055151179,393.89851318619714,74.67731224452208,74.67731960115877,0.0
4.184999999999998,-0.07831075400591253,0.003124115155157132,395.3882191676499,74.29361785127723,74.29362532102695,0.0
4.204999999999997,-0.07897789870513794,0.0031589047484001276,396.87027110725256,73.91190447598284,73.91191206322844,0.0
4.224999999999997,-0.07964858846615065,0.0031938212164568905,398.344708411283,73.53215075832449,73.53215846727272,0.0
4.2449999999999966,-0.08032288519086246,0.003228951617676293,399.8115700617719,73.15433563554559,73.15434346719168,0.0
4.264999999999996,-0.08100073109704092,0.003264379908707014,401.27089462237785,72.77843833164107,72.77844628534682,0.0
4.284999999999996,-0.0816819914889779,0.003300219955650202,402.722720244086,72.40443835330218,72.40444642743743,0.0
4.304999999999995,-0.08236647511473998,0.00333654911277271,404.16708467081975,72.03231548881347,72.03232367809635,0.0
4.324999999999995,-0.08305384111304526,0.003373386969223052,405.60402524501296,71.66204979907636,71.66205809519766,0.0
4.344999999999994,-0.08374358944819013,0.003410718172235978,407.0335789130334,71.29362161524598,71.29363000521553,0.0
4.364999999999994,-0.08443514426849838,0.003448466668374965,408.45578223046266,70.92701152662048,70.92701999788666,0.0
4.384999999999994,-0.08512796137692294,0.0034865299925981455,409.87067136727086,70.56220038248124,70.562208922508,0.0
4.404999999999993,-0.08582152568505136,0.0035247942738096784,411.2782821129623,70.1991692857635,70.19917788336602,0.0
4.424999999999993,-0.08651543901169279,0.0035631749072370096,412.67864988158965,69.83789958965541,69.83790823550348,0.0
4.444999999999992,-0.08720935711185217,0.003601625411277853,414.07180971675314,69.47837289305552,69.47838158058171,0.0
4.464999999999992,-0.08790301863109681,0.00364003213962432,415.45779629647546,69.12057103891374,69.12057976213349,0.0
4.484999999999991,-0.08859626964472639,0.0036783019135249134,416.8366439379888,68.76447610438744,68.76448486221064,0.0
4.504999999999991,-0.08928918740386234,0.0037164033640853258,418.208386602398,68.41007039948953,68.41007919695137,0.0
4.524999999999991,-0.0899820145261227,0.0037542752971648718,419.57305789934486,68.05733646788056,68.057345311533,0.0
4.54499999999999,-0.09067506944873004,0.003791862911563756,420.93069109159893,67.70625706977941,67.70626596975544,0.0
4.56499999999999,-0.09136875871533634,0.003829167437890976,422.2813190976625,67.35681497674562,67.35682394415915,0.0
4.584999999999989,-0.09206348382233685,0.00386621490555433,423.6249744933481,67.0089932533462,67.00900229927736,0.0
4.604999999999989,-0.09275965994577647,0.003903098010287596,424.96168952005485,66.66277533672975,66.66278447209328,0.0
4.6249999999999885,-0.09345762015900647,0.0039399282764192465,426.29149609007453,66.31814487723898,66.31815411051402,0.0
4.644999999999988,-0.09415761937685296,0.0039768138407570985,427.614425790774,65.97508573108504,65.9750950697995,0.0
4.664999999999988,-0.09485985092004469,0.004013872392723902,428.93050988870056,65.63358196067604,65.63359140935518,0.0
4.684999999999987,-0.09556439218247349,0.004051206905036612,430.2397793336606,65.29361782801205,65.29362738903671,0.0
4.704999999999987,-0.09627126028311607,0.004088931387572904,431.5422647626649,64.9551777903758,64.95518746573164,0.0
4.724999999999986,-0.09698048866334592,0.004127110498256536,432.8379965037976,64.61824649899849,64.61825629035171,0.0
4.744999999999986,-0.09769207332833159,0.004165702793058158,434.12700458009977,64.28280879753002,64.28281870477939,0.0
4.7649999999999855,-0.09840590707969007,0.004204580232545269,435.40931871339257,63.948849718999966,63.94885973852744,0.0
4.784999999999985,-0.09912176773381798,0.0042436493449821335,436.6849683280003,63.61635448023737,63.616364605432054,0.0
4.804999999999985,-0.09983935975452188,0.004282832941085259,437.95398255438613,63.28530847779295,63.28531870067645,0.0
4.824999999999984,-0.10055834669756392,0.0043219720069262845,439.2163902327363,62.955697287120856,62.95570759795607,0.0
4.844999999999984,-0.1012783872644916,0.004360846987733897,440.47221991647996,62.62750665628703,62.627517046598825,0.0
4.864999999999983,-0.1019991864533427,0.004399275959756848,441.72149987574426,62.30072250733792,62.30073296899084,0.0
4.884999999999983,-0.10272048221003856,0.004437120187304719,442.96425810079535,61.97533093084545,61.97534145795415,0.0
4.9049999999999825,-0.1034420920713079,0.004474249763937333,444.2005223053917,61.651318185276295,61.65132877391574,0.0
4.924999999999982,-0.10416389783979728,0.004510593361671959,445.4303199301177,61.32867069506954,61.32868134228477,0.0
4.944999999999982,-0.10488580593063258,0.0045461185279254595,446.65367814567645,61.00737504652833,61.007385750633134,0.0
4.964999999999981,-0.10560774436742583,0.004580824675062476,447.87062385610994,60.6874179868108,60.687428746136014,0.0
4.984999999999981,-0.1063296793141373,0.004614702704229039,449.0811837019576,60.36878641771112,60.3687972331636,0.0
5.00499999999998,-0.10705165297872028,0.004647711655114715,450.28538406335326,60.05146739779314,60.051478270743154,0.0
5.02499999999998,-0.10777369026590196,0.004679857337622498,451.48325106314525,59.73544813823274,59.735459070140685,0.0
5.0449999999999795,-0.1084958619572238,0.0047112151422425315,452.67481056988316,59.42071599808169,59.420726992754744,0.0
5.064999999999979,-0.10921830835541921,0.004741913458489952,453.860088200777,59.10725848377032,59.10726954729891,0.0
5.084999999999979,-0.10994122113120638,0.004772114601036621,455.0391093246315,58.795063248370866,58.79507438750292,0.0
5.104999999999978,-0.1106648071873547,0.004802044709041502,456.2118990647459,58.484118088022655,58.48412931001799,0.0
5.124999999999978,-0.11138927419148596,0.004831953774281928,457.37848230175837,58.17441093898003,58.174422252107576,0.0
5.144999999999977,-0.11211486527779285,0.004862092401535952,458.53888367641696,57.865929876756056,57.86594128967544,0.0
5.164999999999977,-0.11284180780009483,0.004892653950783311,459.69312759236556,57.55866311501489,57.55867463525542,0.0
5.1849999999999765,-0.113570294423205,0.004923778434540015,460.8412382188675,57.252599001006104,57.25261063587577,0.0
5.204999999999976,-0.11430048568058504,0.004955567565592169,461.9832394934736,56.94772601678627,56.94773777116403,0.0
5.224999999999976,-0.11503248607034929,0.004988078099924832,463.1191551246686,56.64403277237053,56.644044651020735,0.0
5.244999999999975,-0.11576639329802638,0.005021336277235055,464.2490085944253,56.34150800691408,56.341520013731284,0.0
5.264999999999975,-0.11650226770970633,0.0050553252758028435,465.3728231607759,56.04014058677639,56.04015272423294,0.0
5.284999999999974,-0.1172401229003702,0.00508998116002828,466.4906218603305,55.7399195024201,55.73993177189692,0.0
5.304999999999974,-0.11797995301260324,0.005125183719149677,467.6024275107298,55.44083386680383,55.44084626870911,0.0
5.3249999999999735,-0.11872175047669017,0.005160783534816488,468.7082627130643,55.14287291123459,55.14288544712065,0.0
5.344999999999973,-0.11946553189244373,0.00519664872300183,469.80814985425,54.84602598710782,54.846038658685806,0.0
5.364999999999973,-0.12021131592563436,0.005232651818617538,470.9021111094081,54.550282563293976,54.550295372268664,0.0
5.384999999999972,-0.12095909348674108,0.005268690644823272,471.9901684442147,54.255632226025384,54.255645172427606,0.0
5.404999999999972,-0.12170879331953817,0.005304664237881022,473.07234361722163,53.96206467627596,53.96207775759158,0.0
5.424999999999971,-0.12246026537593706,0.005340473913623573,474.1486581821287,53.66956972733137,53.66958293822467,0.0
5.444999999999971,-0.12321330078083831,0.005376046428938363,475.2191334899926,53.37813730139822,53.37815063503173,0.0
5.4649999999999705,-0.12396767116221752,0.0054113321042241645,476.2837906913893,53.08775742776206,53.08777087739014,0.0
5.48499999999997,-0.12472315864756303,0.0054463191509525,477.3426507385523,52.79842024326151,52.798433801970575,0.0
5.50499999999997,-0.12547953664186,0.005481023646033476,478.3957343875161,52.51011599002834,52.51012965108957,0.0
5.524999999999969,-0.1262366000862293,0.0055154880406291795,479.443062200192,52.22283501417151,52.22284877124557,0.0
5.544999999999969,-0.12699416713599015,0.005549766014116544,480.4846545464359,51.936567763164746,51.93658161160149,0.0
5.564999999999968,-0.1277521021968974,0.005583893343025379,481.52053160607045,51.6513047865925,51.65131872251753,0.0
5.584999999999968,-0.1285103157521421,0.005617901415277976,482.55071337089447,51.36703673199922,51.36705075421754,0.0
5.604999999999968,-0.1292687518132213,0.005651834132481967,483.57521964667023,51.0837543479709,51.08376845501557,0.0
5.624999999999967,-0.1300273688897361,0.005685714458503529,484.59407005508854,50.801448478382866,50.8014626701819,0.0
5.644999999999967,-0.1307861520350926,0.005719555101808468,485.60728403543067,50.52011002396706,50.520124301015336,0.0
5.664999999999966,-0.13154511213779935,0.005753380975282145,486.6148808455235,50.23972996582729,50.239744329619334,0.0
5.684999999999966,-0.13230426089545358,0.005787239134172997,487.61687956441216,49.96029943277061,49.96031388442,0.0
5.704999999999965,-0.1330636059489669,0.005821188062000845,488.6132990946622,49.681809646536905,49.68182418686403,0.0
5.724999999999965,-0.13382315759850663,0.005855298133789472,489.6041581641685,49.40425191770789,49.404266548561594,0.0
5.744999999999965,-0.13458293765427015,0.005889617359488156,490.58947532793917,49.12761764733599,49.12763236978816,0.0
5.764999999999964,-0.13534295085738215,0.0059241842799695466,491.56926896987807,48.8518983226933,48.851913138428436,0.0
5.784999999999964,-0.13610324493558434,0.005959029627971623,492.5435573044794,48.57708551625552,48.57710042871909,0.0
5.804999999999963,-0.13686389591267778,0.0059941894658592405,493.51235837855023,48.303170886630454,48.30318589984084,0.0
5.824999999999963,-0.13762497988927905,0.006029725129365541,494.4756900729188,48.030146176656906,48.03016129480517,0.0
5.8449999999999624,-0.13838658112088004,0.006065699273002857,495.4335701040953,47.75800321214312,47.758018439381324,0.0
5.864999999999962,-0.1391487744410706,0.006102165537541742,496.3860160259287,47.48673390019034,47.486749240868406,0.0
5.884999999999962,-0.1399116391192102,0.006139170435634768,497.33304523121564,47.21633022885315,47.21634568703515,0.0
5.904999999999961,-0.14067524342855817,0.006176739591548381,498.27467495331075,46.9467842657326,46.94679984491391,0.0
5.924999999999961,-0.14143963865648543,0.006214897410925172,499.21092226770526,46.678088155958754,46.67810385969546,0.0
5.94499999999996,-0.14220488385801466,0.00625366453262421,500.1418040935599,46.41023411230998,46.41024994392305,0.0
5.96499999999996,-0.14297102509356868,0.006293043043370674,501.0673371931953,46.14321420336982,46.14323016611182,0.0
5.9849999999999595,-0.14373811152393584,0.006333015731280082,501.98753817102784,45.877020669291134,45.877036766334534,0.0
6.004999999999959,-0.1445061873736868,0.006373546310305392,502.9024234790276,45.61164596940721,45.611662203933626,0.0
6.024999999999959,-0.1452752875047686,0.0064145854782610544,503.8120094190874,45.34708263664236,45.34709901090914,0.0
6.044999999999958,-0.14604543468383882,0.006456083393921903,504.71631214446745,45.083323274889224,45.08333979094375,0.0
6.064999999999958,-0.14681663808598708,0.006497970462779144,505.6153476612233,44.82036055936483,44.82037721849372,0.0
6.084999999999957,-0.14758889616357948,0.006540165679250618,506.50913182960716,44.558187234165565,44.558204037665796,0.0
6.104999999999957,-0.1483622025475376,0.006582594609503031,507.3976803654464,44.29679611263026,44.29681306137297,0.0
6.1249999999999565,-0.14913654959061692,0.00662517749334978,508.28100884150825,44.0361800755827,44.036197170419925,0.0
6.144999999999956,-0.14991192624373675,0.006667821117386175,509.1591326888505,43.77633207104908,43.776349312539885,0.0
6.164999999999956,-0.15068830735971678,0.006710439146420989,510.03206719815967,43.51724511367597,43.51726250152856,0.0
6.184999999999955,-0.15146564496110185,0.006752947896432186,510.8998275210718,43.258912283421004,43.25892981633297,0.0
6.204999999999955,-0.15224387372043072,0.006795277566087094,511.76242867146135,43.00132672398817,43.001344400157606,0.0
6.224999999999954,-0.15302292823879096,0.006837369392138642,512.6198855267024,42.744481641708745,42.74449945960149,0.0
6.244999999999954,-0.15380274293083296,0.00687917001809079,513.4722128289293,42.488370305887685,42.48838826383873,0.0
6.2649999999999535,-0.15458325454905375,0.006920625534953312,514.3194251862767,42.23298604730262,42.233004143772895,0.0
6.284999999999953,-0.1553644049759995,0.006961690307047797,515.1615370741039,41.978322257657304,41.97834049122889,0.0
6.304999999999953,-0.15614612970908584,0.007002338182243409,515.998562836215,41.72437238929884,41.724390758164034,0.0
6.324999999999952,-0.15692835929146748,0.007042562320098109,516.8305166860516,41.47112995371009,41.47114845580905,0.0
6.344999999999952,-0.15771102688406885,0.0070823715173552165,517.657412707864,41.21858852008347,41.21860715386648,0.0
6.364999999999951,-0.15849406964717297,0.007121772056186119,518.4792648578717,40.966741715883714,40.966760479760126,0.0
6.384999999999951,-0.15927742952373036,0.0071607761362829925,519.2960869654105,40.71558322527446,40.71560211791257,0.0
6.4049999999999505,-0.1600610588903058,0.007199403399574064,520.1078927340577,40.46510678809945,40.46512580898139,0.0
6.42499999999995,-0.16084492427029856,0.007237683296058357,520.9146957427464,40.21530620001479,40.21532534905825,0.0
6.44499999999995,-0.16162900054093496,0.0072756427260249265,521.716509446872,39.966175311362235,39.96619458901464,0.0
6.464999999999949,-0.16241327528719315,0.007313326466826857,522.5133471793758,39.71770802640545,39.71772743371905,0.0
6.484999999999949,-0.1631977477498632,0.007350777404009342,523.305222151819,39.469898302647096,39.46991784134605,0.0
6.504999999999948,-0.1639824304885883,0.007388042561069708,524.0921474554392,39.22274015022824,39.22275982267058,0.0
6.524999999999948,-0.164767347729284,0.007425172749081415,524.8741360621976,38.976227631118114,38.97624744038385,0.0
6.5449999999999475,-0.1655525381782483,0.007462221075306636,525.6512008258069,38.73035485840489,38.730374808403155,0.0
6.564999999999947,-0.16633805423823125,0.0074992405816935405,526.4233544827492,38.48511599598718,38.48513609119092,0.0
6.584999999999947,-0.16712395448180792,0.007536277544159882,527.1906096532887,38.240505258068914,38.24052550309566,0.0
6.604999999999946,-0.16791029587357462,0.007573373123246906,527.9529788424697,37.996516908153936,37.99653730771605,0.0
6.624999999999946,-0.16869713498871133,0.007610566772540998,528.7104744410948,37.75314525864676,37.75316581725984,0.0
6.644999999999945,-0.16948452431535285,0.007647895916329248,529.4631087266938,37.51038466952945,37.510405391918404,0.0
6.664999999999945,-0.17027251983353528,0.0076853938009330295,530.2108938644699,37.26822954823904,37.268250439250785,0.0
6.6849999999999445,-0.1710611757395634,0.007723084084330538,530.9538419082463,37.02667434922226,37.02669541356427,0.0
6.704999999999944,-0.1718505429548082,0.007760985878559833,531.6919648013967,36.785713572830666,36.78573481528982,0.0
6.724999999999944,-0.17264067233675084,0.007799114818475974,532.4252743777579,36.545341765185306,36.54536319041163,0.0
6.744999999999943,-0.1734316117240777,0.007837481326935736,533.1537823625387,36.30555351710294,36.30557512986713,0.0
6.764999999999943,-0.1742234034459796,0.007876085876720097,533.8775003732161,36.06634346449211,36.06636526899178,0.0
6.784999999999942,-0.1750160764729694,0.007914926300184482,534.596439920426,35.82770628731447,35.82772828692703,0.0
6.804999999999942,-0.1758096477650068,0.007953998776225447,535.3106124088317,35.58963670820588,35.58965890601619,0.0
6.824999999999942,-0.17660412711900586,0.007993291001012466,536.0200291379792,35.35212949254154,35.352151891314676,0.0
6.844999999999941,-0.1773995201955125,0.008032777346736967,536.7247013031416,35.11517944777613,35.11520204998065,0.0
6.864999999999941,-0.17819582768464096,0.008072427581131117,537.4246399961565,34.878781422883364,34.87880423073509,0.0
6.88499999999994,-0.1789930413393234,0.008112214285809454,538.1198562062568,34.642930308164814,34.642953323357695,0.0
6.90499999999994,-0.17979114163904394,0.008152109684500445,538.8103608208899,34.407621034621734,34.40764425815997,0.0
6.924999999999939,-0.18059009890802125,0.008192087448765085,539.4961646265209,34.17284857321964,34.17287200544139,0.0
6.944999999999939,-0.18138987289811023,0.008232121201785467,540.1772783094295,33.938607933998014,33.93863157496332,0.0
6.964999999999939,-0.18219042010597225,0.008272181984266982,540.8537124564832,33.70489416443953,33.704918013946845,0.0
6.984999999999938,-0.1829916977358737,0.008312238647431454,541.5254775557544,33.47170233893429,33.47172639710854,0.0
7.004999999999938,-0.1837936687126277,0.008352255516481537,542.1925839972906,33.23902758174208,33.23905184888806,0.0
7.024999999999937,-0.1845962952085289,0.008392197084905158,542.8550420740303,33.006865056276396,33.00688953248959,0.0
7.044999999999937,-0.18539953820393187,0.008432025411631848,543.5128619825485,32.77520996276733,32.775234648128006,0.0
7.064999999999936,-0.18620335957328282,0.00847170342818152,544.1660538237901,32.544057537772936,32.544082432570576,0.0
7.084999999999936,-0.18700772382088698,0.008511199109248295,544.8146276037932,32.313403054141745,32.31342815867604,0.0
7.104999999999936,-0.18781259386408525,0.008550484442864636,545.4585932344121,32.08324182042088,32.08326713492681,0.0
7.124999999999935,-0.18861793272970176,0.008589535499310292,546.097960534023,31.85356918020098,31.853594704974462,0.0
7.144999999999935,-0.18942370629509442,0.008628329254360495,546.7327392282191,31.62438051150137,31.62440624718798,0.0
7.164999999999934,-0.19022988604335156,0.00866684225704727,547.3629389504977,31.395671226779875,31.395697174220885,0.0
7.184999999999934,-0.19103644447692417,0.008705051034718988,547.9885692429466,31.167436772419336,31.16746293256458,0.0
7.2049999999999335,-0.19184335550936688,0.008742931426805378,548.6096395569162,30.939672628345534,30.939699002125096,0.0
7.224999999999933,-0.19265059220676753,0.00878046229110963,549.2261592536864,30.712374307362833,30.712400895797206,0.0
7.244999999999933,-0.19345812955067704,0.008817626111261688,549.8381376051184,30.485537354777744,30.485564159061447,0.0
7.264999999999932,-0.1942659457364657,0.008854411744510793,550.4455837943002,30.25915734801825,30.25918436955372,0.0
7.284999999999932,-0.1950740194233251,0.008890812924471964,551.0485069161891,30.033229896324183,30.03325713664745,0.0
7.304999999999931,-0.19588233119557238,0.008926828944002287,551.6469159782408,29.807750640350815,29.807778101056005,0.0
7.324999999999931,-0.19669086383647302,0.008962465626475208,552.2408199010312,29.582715251375156,29.582742934447236,0.0
7.3449999999999305,-0.19749960300745423,0.008997734178803897,552.8302275188705,29.358119431497176,29.358147339006624,0.0
7.36499999999993,-0.19830853619077218,0.009032647739713191,553.4151475804116,29.133958912762466,29.133987047078868,0.0
7.38499999999993,-0.19911765320971606,0.009067221065700942,553.9955887492482,28.910229457239293,28.91025782076084,0.0
7.404999999999929,-0.1999269436789068,0.009101470264781503,554.5715596045095,28.686926856220616,28.686955451548762,0.0
7.424999999999929,-0.20073640045000254,0.009135414668035002,555.1430686414401,28.46404693004152,28.464075759957296,0.0
7.444999999999928,-0.20154601684537912,0.00916907673409938,555.7101242719796,28.241585527690685,28.241614595137964,0.0
7.464999999999928,-0.2023557869240426,0.009202480108653962,556.2727348253316,28.019538526569153,28.01956783450383,0.0
7.4849999999999275,-0.20316570515081067,0.009235647558936622,556.8309085485259,27.797901831768648,27.797931383389706,0.0
7.504999999999927,-0.20397576891796648,0.009268602617422725,557.3846536069699,27.576671375976254,27.576701174697728,0.0
7.524999999999927,-0.20478597773101623,0.009301369550608214,557.9339780849969,27.355843118977624,27.355873168537915,0.0
7.544999999999926,-0.20559633403882355,0.009333973799555726,558.4788899864054,27.135413047551143,27.13544335187551,0.0
7.564999999999926,-0.20640684102231602,0.009366442140800407,559.0193972349962,26.915377174969564,26.915407738180622,0.0
7.584999999999925,-0.2072175032141571,0.009398799380309285,559.5555076750978,26.69573154080357,26.69576236709072,0.0
7.604999999999925,-0.208028324092055,0.009431067705418223,560.0872290720903,26.476472210477187,26.47650330407872,0.0
7.6249999999999245,-0.20883930670790085,0.009463267018534172,560.6145691129176,26.257595274909878,26.257626640124975,0.0
7.644999999999924,-0.20965045449747446,0.009495417524969895,561.137535406593,26.03909685007055,26.03912849139271,0.0
7.664999999999924,-0.21046177221312848,0.009527539886691009,561.6561354846981,25.82097307677698,25.821004998895837,0.0
7.684999999999923,-0.21127326483828973,0.009559654975653047,562.1703768018779,25.603220120518493,25.603252328173166,0.0
7.704999999999923,-0.21208493689085708,0.009591780759201331,562.6802667363294,25.38583417092778,25.385866668982448,0.0
7.724999999999922,-0.21289679326828184,0.009623931661647156,563.1858125902817,25.168811441564443,25.16884423498307,0.0
7.744999999999922,-0.21370883875897284,0.009656119088038496,563.6870215904715,24.95214816950158,24.952181263430077,0.0
7.7649999999999215,-0.21452107891446248,0.00968835184337686,564.1839008886105,24.735840615215277,24.735874014857803,0.0
7.784999999999921,-0.2153335183960234,0.009720637795507124,564.6764575618502,24.51988506207374,24.5199187727836,0.0
7.804999999999921,-0.21614616137473483,0.009752984067456751,565.1646986132378,24.304277816290345,24.304311843400015,0.0
7.82499999999992,-0.21695901032356002,0.009785398424409496,565.648630972169,24.08901520642237,24.089049555284905,0.0
7.84499999999992,-0.21777206622401127,0.009817888317881761,566.1282614948324,23.874093583167788,23.87412825911106,0.0
7.864999999999919,-0.21858532759534513,0.009850459413913475,566.6035969646498,23.65950931910361,23.659544327351643,0.0
7.884999999999919,-0.21939879065406906,0.009883115718918329,567.0746440927098,23.445258808225326,23.445294154000347,0.0
7.9049999999999185,-0.22021245034435682,0.009915859924921567,567.5414095181933,23.231338465777892,23.231374154281262,0.0
7.924999999999918,-0.22102630013500982,0.009948693555782545,568.0038998087954,23.017744727920338,23.017780764374308,0.0
7.944999999999918,-0.2218403320438615,0.00998161742597762,568.4621214611421,22.80447405142914,22.80451044113403,0.0
7.964999999999917,-0.22265453810357305,0.010014632700284251,568.9160809011983,22.591522913457077,22.591559661819485,0.0
7.984999999999917,-0.2234689095389113,0.010047741033002825,569.365784484674,22.378887811295794,22.378924923821877,0.0
8.004999999999917,-0.22428343733470033,0.010080943124785038,569.8112384974243,22.16656526211672,22.16660274440001,0.0
8.024999999999917,-0.22509811229961307,0.010114238245246663,570.2524491558429,21.95455180258074,21.95458966041945,0.0
8.044999999999916,-0.22591292560249165,0.01014762376137948,570.6894226072512,21.742843988724808,21.742882228079548,0.0
8.064999999999916,-0.2267278686053484,0.010181096622438407,571.1221649302822,21.53143839569306,21.531477022652524,0.0
8.084999999999916,-0.22754293151552002,0.01021465332036868,571.5506821352618,21.320331617495714,21.320370638230845,0.0
8.104999999999915,-0.22835810404445211,0.010248289430422159,571.9749801645813,21.109520266684232,21.10955968747256,0.0
8.124999999999915,-0.22917337530209056,0.010282000471869484,572.3950648930665,20.899000974114127,20.899040801348622,0.0
8.144999999999914,-0.22998873322503383,0.01031578121223237,572.8109421283424,20.688770388776547,20.68881062889324,0.0
8.164999999999914,-0.23080416473077836,0.010349625511236995,573.2226176111915,20.47882517739712,20.478865836960924,0.0
8.184999999999913,-0.231619656165183,0.010383527156688565,573.6300970159069,20.269162024291266,20.26920310997877,0.0
8.204999999999913,-0.2324351930954651,0.010417479923205766,574.033385950642,20.05977763110259,20.059819149705923,0.0
8.224999999999913,-0.2332507607828516,0.010451477890443848,574.432489957753,19.85066871643978,19.850710675005313,0.0
8.244999999999912,-0.23406634484653385,0.010485515405168715,574.8274145141374,19.64183201579344,19.641874421597397,0.0
8.264999999999912,-0.23488193150991923,0.010519587047054713,575.2181650315686,19.433264281198987,19.4333071418359,0.0
8.284999999999911,-0.23569750764244654,0.010553687455698561,575.6047468570248,19.224962281117683,19.225005604465764,0.0
8.304999999999911,-0.23651306035222303,0.010587811581707605,575.9871652730163,19.01692280020349,19.01696659439171,0.0
8.32499999999991,-0.23732857691265108,0.010621954895270541,576.3654254979056,18.809142639014794,18.809186912458717,0.0
8.34499999999991,-0.2381440448202751,0.01065611285219088,576.7395326862237,18.601618613807982,18.6016633752236,0.0
8.36499999999991,-0.23895945147880027,0.010690281516634583,577.1094919289827,18.394347556387586,18.39439281472413,0.0
8.38499999999991,-0.23977478412830666,0.010724457101111343,577.4753082539831,18.187326313762448,18.187372078271736,0.0
8.404999999999909,-0.24059002986541506,0.010758635893092578,577.8369866261169,17.980551748008946,17.98059802822328,0.0
8.424999999999908,-0.24140517578037027,0.010792813964345241,578.1945319476654,17.77402073597977,17.774067541772936,0.0
8.444999999999908,-0.24222020917412626,0.010826987377057513,578.5479490585936,17.56773016912509,17.567777510734675,0.0
8.464999999999907,-0.2430351176946108,0.010861151867476859,578.8972427368395,17.361676953280643,17.36172484132974,0.0
8.484999999999907,-0.2438498892884234,0.010895303086061217,579.2424176985999,17.15585800846454,17.15590645397421,0.0
8.504999999999907,-0.24466451185946375,0.010929436930447015,579.5834785986124,16.950270268694343,16.95031928306725,0.0
8.524999999999906,-0.2454789733120915,0.010963549123663189,579.9204300304315,16.74491068147571,16.744960276502542,0.0
8.544999999999906,-0.2462932614286768,0.010997635596083922,580.2532765266925,16.53977620758069,16.539826395482535,0.0
8.564999999999905,-0.24710736407470216,0.011031692564143207,580.5820225593864,16.33486382169615,16.334914615148065,0.0
8.584999999999905,-0.24792126912835008,0.011065716442934435,580.9066725401303,16.130170511692548,16.13022192384409,0.0
8.604999999999905,-0.24873496435984516,0.011099703856322042,581.2272308204291,15.925693278430485,15.925745322879939,0.0
8.624999999999904,-0.24954843727410317,0.011133651595794544,581.5437016919323,15.721429135484547,15.721481826345123,0.0
8.644999999999904,-0.2503616754001255,0.011167556462568005,581.8560893866867,15.517375108987206,15.517428460907343,0.0
8.664999999999903,-0.2511746661709794,0.011201415377443043,582.1643980773858,15.313528237433491,15.313582265618463,0.0
8.684999999999903,-0.2519873969273065,0.011235225212517958,582.468631877615,15.10988557148148,15.109940291723587,0.0
8.704999999999902,-0.2527998549444624,0.01126898300576997,582.7687948420928,14.906444173755986,14.90649960247225,0.0
8.724999999999902,-0.25361202730667803,0.011302686077412251,583.0648909669084,14.703201118690249,14.703257272922121,0.0
8.744999999999902,-0.2544239008665213,0.011336331859513797,583.356924189756,14.50015349228733,14.500210389763133,0.0
8.764999999999901,-0.2552354622857646,0.011369917863389336,583.6448983901644,14.297298391977355,14.297356051121916,0.0
8.7849999999999,-0.256046698082741,0.011403441644057736,583.9288173897229,14.094632926376825,14.09469136639221,0.0
8.8049999999999,-0.2568575948094564,0.011436900946210452,584.208684952304,13.892154215126276,13.892213456048928,0.0
8.8249999999999,-0.2576681390086326,0.011470293844058562,584.4845047842817,13.689859388730058,13.689919451462327,0.0
8.8449999999999,-0.2584783171068604,0.011503618749451034,584.7562805347475,13.48774558838054,13.487806494716434,0.0
8.864999999999899,-0.2592881153715125,0.011536874189896948,585.0240157957215,13.285809965739757,13.285871738443127,0.0
8.884999999999899,-0.26009752003253417,0.01157005883877801,585.2877141023607,13.084049682783244,13.084112345641678,0.0
8.904999999999898,-0.26090651715463803,0.011603171513008393,585.5473789331633,12.882461911637051,12.882525489499306,0.0
8.924999999999898,-0.2617150926248916,0.01163621115386305,585.8030137101696,12.681043834365207,12.68110835323203,0.0
8.944999999999897,-0.2625232321615466,0.011669176931155743,586.0546217991596,12.47979264282984,12.479858129902668,0.0
8.964999999999897,-0.26333092128544083,0.011702068273560223,586.3022065098467,12.278705455623086,12.278771939393414,0.0
8.984999999999896,-0.2641381452467047,0.011734884744616175,586.5457710586354,12.077774549415318,12.07784205973764,0.0
9.004999999999896,-0.2649448888368373,0.011767625983990733,586.7853184891807,11.876993239465207,11.877061807653543,0.0
9.024999999999896,-0.26575113666609146,0.01180029175783508,587.0208517699109,11.676359176801475,11.676428835738426,0.0
9.044999999999895,-0.266556873172038,0.011832881924882983,587.2523738223158,11.475870016482377,11.475940800727582,0.0
9.064999999999895,-0.26736208267323086,0.0118653964630957,587.4798875210251,11.275523417417563,11.275595363330572,0.0
9.084999999999894,-0.268166749355328,0.01189783547110089,587.703395693884,11.075317042195092,11.075390188063258,0.0
9.104999999999894,-0.26897085730619946,0.011930199167559781,587.9229011220242,10.875248556898734,10.875322943082276,0.0
9.124999999999893,-0.269774390485341,0.01196248780844335,588.1384065399332,10.675315630935636,10.675391300011203,0.0
9.144999999999893,-0.2705773327071243,0.011994701717682608,588.3499146355177,10.475515936846758,10.475592933774253,0.0
9.164999999999893,-0.2713796676489477,0.012026841255882808,588.5574280501655,10.275847150113638,10.275925522429851,0.0
9.184999999999892,-0.27218137888170246,0.012058906853690323,588.7609493788017,10.076306948978287,10.07638674699326,0.0
9.204999999999892,-0.2729824498837748,0.012090898987785254,588.9604811699419,9.876893014237188,9.876974291273633,0.0
9.224999999999891,-0.27378286412156416,0.012122818162719054,589.156025925742,9.677603029051461,9.677685841697363,0.0
9.24499999999989,-0.2745826050671051,0.01215466492215453,589.3475861020429,9.47843467874727,9.478519087134531,0.0
9.26499999999989,-0.2753816562269989,0.012186439848054056,589.535164108412,9.279385650612697,9.279471718724484,0.0
9.28499999999989,-0.2761800011833115,0.012218143556877156,589.7187623081803,9.08045363368841,9.080541429702134,0.0
9.30499999999989,-0.276977623618492,0.012249776696271135,589.8983830184756,8.88163631855822,8.881725915220022,0.0
9.32499999999989,-0.27777450732834397,0.012281339932019212,590.0740285102506,8.682931397127362,8.683022872178093,0.0
9.344999999999889,-0.27857063628165185,0.012312833956380076,590.245701008308,8.48433656240147,8.484429999047371,0.0
9.364999999999888,-0.27936599465340967,0.012344259462383848,590.4134026913191,8.285849508255083,8.285944995700952,0.0
9.384999999999888,-0.2801605668604173,0.012375617148608863,590.5771356918399,8.0874679292004,8.0875655632379,0.0
9.404999999999887,-0.2809543375952381,0.012406907735696273,590.7369020963208,7.889189520141888,7.889289403819595,0.0
9.424999999999887,-0.28174729187527664,0.012438131948632072,590.8927039451122,7.691011976127241,7.691114220505156,0.0
9.444999999999887,-0.28253941509250696,0.012469290520158473,591.0445432324647,7.492932992089296,7.49303771709364,0.0
9.464999999999886,-0.2833306930658218,0.012500384187117188,591.1924219065241,7.294950262578625,7.29505759797597,0.0
9.484999999999886,-0.28412111211289065,0.012531413707070392,591.3363418693214,7.0970614814875255,7.097171567994165,0.0
9.504999999999885,-0.28491065911775276,0.012562379849469294,591.4763049767561,6.899264341763611,6.899377332313249,0.0
9.524999999999885,-0.285699321588101,0.01259328338499126,591.612313038575,6.701556535112851,6.7016725963048716,0.0
9.544999999999884,-0.2864870877198429,0.012624125087547667,591.744367818344,6.503935751687268,6.504055065462397,0.0
9.564999999999884,-0.28727394647813875,0.012654905732048168,591.8724710334137,6.306399679760677,6.306522445337325,0.0
9.584999999999884,-0.28805988767383606,0.012685626097410316,591.9966243548786,6.108946005388959,6.10907244151167,0.0
9.604999999999883,-0.2888449020432058,0.01271628697165513,592.1168294075292,5.911572412053444,5.911702759612948,0.0
9.624999999999883,-0.28962898132343906,0.012746889157375275,592.2330877697968,5.714276580285094,5.714411105392191,0.0
9.644999999999882,-0.2904121183497302,0.012777433476189412,592.3454009736906,5.517056187268265,5.517195184880093,0.0
9.664999999999882,-0.2911943071493904,0.012807920772637286,592.4537705047264,5.319908906421544,5.320052704635739,0.0
9.684999999999881,-0.29197554304421286,0.012838351917153363,592.5581978018471,5.1228324069525355,5.122981372127012,0.0
9.704999999999881,-0.2927558227562893,0.012868727805746145,592.6586842573336,4.925824353383777,4.925978896279255,0.0
9.72499999999988,-0.2935351445204426,0.012899049363329794,592.7552312167063,4.728882405046057,4.729042988246339,0.0
9.74499999999988,-0.29431350820442603,0.012929317547495996,592.8478399786159,4.532004215534907,4.532171362477283,0.0
9.76499999999988,-0.295090915434954,0.012959533354041807,592.9365117947227,4.335187432124621,4.335361738176258,0.0
9.78499999999988,-0.29586736972703415,0.012989697820523,593.0212478695641,4.138429695134181,4.138611841297553,0.0
9.804999999999879,-0.29664287662169825,0.013019812033954836,593.1020493604086,3.9417286372383145,3.9419194072727226,0.0
9.824999999999878,-0.2974174438309996,0.0130498771355271,593.1789173770954,3.745081882714567,3.7452821847471123,0.0
9.844999999999878,-0.29819108139122474,0.013079894326750968,593.2518529818587,3.548487046615665,3.5486979407308383,0.0
9.864999999999878,-0.29896380182153914,0.013109864876150557,593.3208571891338,3.35194173385393,3.3521644677609554,0.0
9.884999999999877,-0.29973562028965833,0.013139790126004759,593.3859309653444,3.1554435381822876,3.1556795939745226,0.0
9.904999999999877,-0.3005065547848205,0.013169671499294445,593.4470752286685,2.9589900410513517,2.9592411974697845,0.0
9.924999999999876,-0.3012766262983836,0.01319951050705543,593.5042908487792,2.7625788103168163,2.7628472271223643,0.0
9.944999999999876,-0.30204585901185665,0.013229308755899073,593.5575786465588,2.566207398764006,2.566495733356562,0.0
9.964999999999876,-0.30281428049253867,0.01325906795609858,593.6069393937805,2.369873342405577,2.3701849146991094,0.0
9.984999999999875,-0.30358192189639727,0.013288789929887553,593.652373812754,2.1735741584949935,2.17391319016771,0.0
10.004999999999875,-0.30434881817866666,0.013318476619895504,593.693882575927,1.9773073431753174,1.9776793155388699,0.0
10.024999999999874,-0.30511500831144206,0.013348130097959359,593.7314663054359,1.7810703686529044,1.7814825774679737,0.0
10.044999999999874,-0.3058805355082976,0.01337775257422754,593.7651255725938,1.5848606797358407,1.5853231330945659,0.0
10.064999999999873,-0.3066454474553485,0.01340734640662278,593.7948608973005,1.388675689500467,1.389202639196079,0.0
10.084999999999873,-0.30740979654815614,0.013436914110407025,593.8206727473553,1.1925127737205692,1.193125504383338,0.0
10.104999999999873,-0.30817364013315174,0.013466458367971949,593.84256153764,0.9963692634710746,0.9971016222251381,0.0
10.124999999999872,-0.30893704075093786,0.013495982038660271,593.8605276291291,0.8002424349153592,0.8011531208536381,0.0
10.144999999999872,-0.3097000663755527,0.013525488168430248,593.8745713276535,0.6041294945513473,0.6053342203947384,0.0
10.164999999999871,-0.3104627906327899,0.013554979998710836,593.8846928823012,0.40802755717645894,0.40980795035558926,0.0
10.18499999999987,-0.3112252929289408,0.013584460971794825,593.8908924832999,0.21193361945862807,0.2153398217032562,0.0
10.20499999999987,-0.3119876579002055,0.013613934709941152,593.893170260696,0.015844721267094852,0.041304978186194066,0.0
10.22499999999987,-0.312749972496641,0.013643404903968644,593.8915262868769,-0.1802416018588125,0.18423314844957553,0.0
10.24499999999987,-0.3135120996524233,0.013672866589824464,593.8859606296066,-0.37632308077875465,0.37824923052069853,0.0
10.26499999999987,-0.3142735805096723,0.013702302445963902,593.8764734159485,-0.5723967147783091,0.573661655793672,0.0
10.367857443807383,-0.3181577358084621,0.013852438700477723,593.7661694394246,-1.5723965532771658,1.572843813476858,0.0
10.476725244869371,-0.32214955855608546,0.014006741923567514,593.5405522556041,-2.5723952330845536,2.5726454722177867,0.0
10.599452067917245,-0.3263740583976431,0.014170104455287567,593.1634872018404,-3.5723911208568953,3.5725436639345993,0.0
10.75073113598608,-0.33102288930826285,0.014350059300423674,592.5474204413589,-4.572380900098113,4.57246967428604,0.0
10.96946952932135,-0.3364598477669686,0.01456105751196724,591.4378988559977,-5.572354721696236,5.572395265667682,0.0
11.327931110382764,-0.34213340489310085,0.014783046463659237,589.3098909371481,-6.300649423118808,6.300658043432352,0.0
11.644893595513464,-0.34457646422466076,0.014881012199661597,587.3195897000492,-6.257942400630841,6.257944402411019,0.0
11.963958588016908,-0.34574038698841336,0.014930239376263636,585.3230164963204,-6.257208121294475,6.257208542892175,0.0
12.283000265543649,-0.3462566161974098,0.014954812866232048,583.3268008988695,-6.256615231979482,6.256615303022249,0.0
12.60201145284237,-0.3464490362055566,0.014967081453767059,581.3309652644969,-6.256022028630192,6.2560220342907815,0.0
12.9209922003462,-0.34647958627726594,0.014973208832588252,579.3355092642194,-6.255428997131679,6.255428997574781,0.0
13.239942533677219,-0.3464292280511346,0.01497627122498768,577.3404326271797,-6.254836260808679,6.2548362655100265,0.0
13.558862472134477,-0.3463384383619128,0.014977803931377848,575.3457350975931,-6.254243850241884,6.254243858787524,0.0
13.877752033423304,-0.34622745363065804,0.014978573197107962,573.35141642365,-6.253651772824798,6.253651783719831,0.0
14.196611234837738,-0.34610639106342883,0.014978961442646776,571.3574763547408,-6.253060030154255,6.253060042329292,0.0
14.515440093556162,-0.3459803087542663,0.014979159527233613,569.3639146407621,-6.252468622378298,6.252468635218185,0.0
14.729000000000001,-0.34589436240856686,0.01497923563134928,568.0286803066604,-6.252072668502196,6.252072681567467,0.0
14.73,-0.3458939582126685,0.014979235921116522,568.0224282349186,-6.252070814925671,6.252070827991643,0.0
15.04877813161643,-0.34576456064804756,0.014979307268261988,566.0294989614752,-6.251479935798199,6.2514799490882496,0.0
15.367525967880296,-0.3456343611192221,0.01497934719169654,564.0369473710003,-6.250889421936789,6.250889435337685,0.0
15.686243524288418,-0.3455037792796038,0.014979371430723903,562.044773219432,-6.250299241905083,6.250299255359657,0.0
16.004930817906633,-0.34537302492105526,0.014979387840451244,560.0529762580233,-6.24970939536973,6.249709408849267,0.0
16.32358786578383,-0.34524220291524976,0.014979400341162593,558.0615562382995,-6.249119881998716,6.249119895488825,0.0
16.64221468495192,-0.3451113656789028,0.014979410889366985,556.0705129120587,-6.248530701460348,6.248530714953827,0.0
16.960811292425884,-0.34498053940382656,0.01497942046150368,554.0798460313699,-6.247941853423367,6.247941866916615,0.0
17.27937770520378,-0.3448497371706764,0.014979429544885646,552.0895553485742,-6.24735333755698,6.247353351048198,0.0
17.59791394026678,-0.34471896550518505,0.01497943838271686,550.0996406162831,-6.246765153530865,6.246765167019154,0.0
17.916420014579195,-0.3445882276559597,0.014979447096373813,548.1101015873788,-6.246177301015174,6.246177314500087,0.0
18.234895945088496,-0.344457525233221,0.014979455746432724,546.1209380150137,-6.245589779680526,6.245589793161839,0.0
18.55334174872533,-0.34432685902809246,0.014979464363126391,544.13214965261,-6.245002589198012,6.2450026026756165,0.0
18.87175744240356,-0.34419622942220557,0.014979472961544253,542.1437362538586,-6.244415729239191,6.244415742713033,0.0
19.190143043020278,-0.3440656365924822,0.014979481549218236,540.1556975727198,-6.243829199476095,6.2438292129461495,0.0
19.50849856745583,-0.34393508061351574,0.01497949012990859,538.1680333634221,-6.243242999581218,6.243243013047475,0.0
19.826824032573846,-0.34380456150875705,0.014979498705493274,536.180743380462,-6.242657129227526,6.242657142689979,0.0
20.145119455221252,-0.3436740792761044,0.014979507276910858,534.1938273786038,-6.242071588088444,6.242071601547094,0.0
20.463384852228305,-0.3435436339006974,0.014979515844631109,532.207285112879,-6.241486375837868,6.2414863892927155,0.0
20.781620240408614,-0.34341322536131363,0.014979524408889828,530.2211163385858,-6.240901492150159,6.240901505601206,0.0
21.099825636559157,-0.3432828536335661,0.014979532969806055,528.235320811289,-6.240316936700133,6.240316950147383,0.0
21.418001057460316,-0.34315251869150204,0.014979541527440559,526.249898286819,-6.2397327091630785,6.239732722606533,0.0
21.73614651987589,-0.34302222050840225,0.014979550081825024,524.2648485212723,-6.239148809214739,6.2391488226544,0.0
22.05426204055313,-0.3428919590571806,0.01497955863297662,522.2801712710102,-6.238565236531323,6.238565249967194,0.0
22.37234763622275,-0.3427617343105838,0.014979567180905269,520.295866292659,-6.2379819907894944,6.237982004221578,0.0
22.690403323598954,-0.3426315462412913,0.014979575725617278,518.3119333431092,-6.2373990716663785,6.237399085094679,0.0
23.008429119379464,-0.34250139482196484,0.014979584267117147,516.3283721795156,-6.236816478839559,6.2368164922640785,0.0
23.326425040245542,-0.34237128002527384,0.014979592805408469,514.3451825592962,-6.236234211987077,6.236234225407817,0.0
23.644391102862013,-0.34224120182390755,0.014979601340494387,512.3623642401325,-6.23565227078743,6.235652284204394,0.0
23.962327323877282,-0.34211116019058124,0.014979609872377815,510.3799169799686,-6.23507065491957,6.235070668332761,0.0
24.28023371992337,-0.3419811550980394,0.014979618401061556,508.397840537011,-6.234489364062902,6.234489377472324,0.0
24.598110307615922,-0.3418511865190571,0.014979626926548346,506.4161346697283,-6.233908397897293,6.233908411302947,0.0
24.915957103554245,-0.3417212544264408,0.014979635448840897,504.4347991368506,-6.233327756103053,6.2333277695049425,0.0
25.233774124321318,-0.3415913587930287,0.0149796439679419,502.45383369736913,-6.23274743836095,6.232747451759077,0.0
25.551561386483826,-0.34146149959169086,0.014979652483854035,500.4732381105361,-6.232167444352205,6.2321674577465735,0.0
25.869318906592177,-0.3413316767953291,0.014979660996579979,498.4930121358639,-6.2315877737584815,6.231587787149094,0.0
26.187043913998632,-0.34120189179994087,0.014979669506029098,496.5131772421831,-6.230981098877524,6.230981112264324,0.0
26.504736946817346,-0.34107214488068777,0.014979678012184265,494.5337356344486,-6.230366197108262,6.230366210491176,0.0
26.822398461352904,-0.340942436176751,0.014979686515032615,492.55468568034587,-6.2297516550415795,6.229751668420563,0.0
27.140028476031432,-0.3408127658320496,0.014979695014554852,490.5760271120808,-6.229137472723451,6.229137486098482,0.0
27.457627009238745,-0.34068313390348315,0.014979703510737113,488.59775966223,-6.22852364978229,6.22852366315336,0.0
27.775194079341684,-0.3405535404044602,0.014979712003571094,486.61988306367397,-6.227910185847042,6.227910199214148,0.0
28.09272970468816,-0.34042398532666435,0.014979720493052703,484.64239704959675,-6.227297080547199,6.227297093910342,0.0
28.410233903607168,-0.3402944686509367,0.014979728979180656,482.6653013534851,-6.226684333512811,6.226684346871991,0.0
28.727706694408816,-0.340164990352716,0.014979737461955436,480.6885957091283,-6.226071944374467,6.226071957729688,0.0
29.04514809538437,-0.3400355504047587,0.014979745941378575,478.7122798506175,-6.225459912763308,6.225459926114572,0.0
29.36255812480626,-0.3399061487784987,0.014979754417452227,476.7363535123455,-6.224848238311022,6.224848251658333,0.0
29.679936800928118,-0.3397767854447271,0.014979762890178893,474.76081642900584,-6.224236920649843,6.224236933993202,0.0
29.99728414198481,-0.33964746037393223,0.01497977135956127,472.78566833559285,-6.223625959412544,6.223625972751956,0.0
30.314600166192456,-0.33951817353646935,0.014979779825602163,470.8109089674006,-6.223015354232446,6.223015367567912,0.0
30.63188489174846,-0.33938892490264555,0.014979788288304433,468.836538060023,-6.222405104743413,6.222405118074938,0.0
30.94913833683154,-0.3392597144427622,0.014979796747670969,466.8625553493529,-6.221795210579845,6.2217952239074314,0.0
31.26636051960175,-0.33913054212713617,0.014979805203704675,464.8889605715818,-6.221185671376688,6.221185684700338,0.0
31.58355145820052,-0.3390014079261103,0.014979813656408464,462.9157534631993,-6.2205764867694215,6.220576500089139,0.0
31.900711170750665,-0.33887231181005867,0.014979822105785245,460.94293376099273,-6.219967656394067,6.219967669709855,0.0
32.21783967535643,-0.33874325374938924,0.014979830551837929,458.97050120204665,-6.219359179887181,6.2193591931990415,0.0
32.5349369901035,-0.33861423371454513,0.014979838994569426,456.9984555237423,-6.218751056885857,6.218751070193795,0.0
32.85200313305905,-0.338485251676005,0.014979847433982637,455.0267964637571,-6.218143287027723,6.21814330033174,0.0
33.16903812227175,-0.3383563076042837,0.014979855870080468,453.05552376006443,-6.21753586995094,6.21753588325104,0.0
33.486041975771805,-0.338227401469932,0.014979864302865815,451.08463715093296,-6.216928805294205,6.21692881859039,0.0
33.803014711570974,-0.338098533243537,0.014979872732341571,449.11413637492615,-6.216322092696741,6.216322105989016,0.0
34.11995634766261,-0.3379697028957216,0.014979881158510629,447.1440211709019,-6.215715731798308,6.215715745086674,0.0
34.43686690202166,-0.337840910397145,0.01497988958137587,445.1742912780121,-6.2151097222391885,6.21510973552365,0.0
34.75374639260475,-0.33771215571850216,0.014979898000940182,443.20494643570197,-6.214504063660203,6.214504076940762,0.0
35.07059483735013,-0.3375834388305243,0.014979906417206442,441.23598638370987,-6.213898755702695,6.2138987689793534,0.0
35.38741225417776,-0.3374547597039782,0.014979914830177526,439.26741086206664,-6.213293798008532,6.213293811281295,0.0
35.704198660989334,-0.33732611830966663,0.014979923239856304,437.2992196110953,-6.212689190220111,6.212689203488981,0.0
36.02095407566828,-0.33719751461842823,0.014979931646245644,435.33141237141035,-6.212084931980352,6.212084945245333,0.0
36.33767851607979,-0.3370689486011371,0.014979940049348408,433.36398888391767,-6.211481022932701,6.211481036193794,0.0
36.65437200007088,-0.3369404202287033,0.014979948449167458,431.3969488898137,-6.2108774627211245,6.210877475978333,0.0
36.971034545470374,-0.3368119294720721,0.01497995684570565,429.43029213058514,-6.210274250990109,6.210274264243436,0.0
37.28766617008897,-0.33668347630222467,0.014979965238965836,427.46401834800855,-6.2096713873846685,6.209671400634118,0.0
37.60426689171922,-0.3365550606901774,0.014979973628950862,425.4981272841498,-6.209068871550327,6.209068884795902,0.0
37.920836728135605,-0.33642668260698216,0.014979982015663576,423.5326186813637,-6.208466703133136,6.208466716374838,0.0
38.237375697094535,-0.3362983420237263,0.014979990399106817,421.5674922822935,-6.207864881779662,6.207864895017495,0.0
38.55388381633437,-0.33617003891153235,0.014979998779283424,419.60274782987034,-6.207263407136983,6.207263420370949,0.0
38.87036110357547,-0.336041773241558,0.014980007156196228,417.63838506731304,-6.206662278852699,6.206662292082802,0.0
39.186807576520195,-0.33591354498499626,0.01498001552984806,415.6744037381274,-6.206061496574924,6.2060615098011676,0.0
39.503223252852955,-0.33578535411307514,0.014980023900241746,413.71080358610595,-6.205461059952285,6.2054610731746696,0.0
39.81960815024022,-0.33565720059705784,0.014980032267380108,411.7475843553274,-6.20486096863392,6.204860981852451,0.0
40.135962286330546,-0.3355290844082425,0.014980040631265965,409.78474579015614,-6.204261222269483,6.204261235484163,0.0
40.45228567875462,-0.3354010055179621,0.014980048991902133,407.8222876352419,-6.203661820509134,6.203661833719965,0.0
40.768578345125256,-0.33527296389758465,0.01498005734929142,405.8602096355192,-6.203062763003543,6.203062776210529,0.0
41.084840303037446,-0.3351449595185129,0.014980065703436636,403.89851153620714,-6.202464049403896,6.2024640626070395,0.0
41.40107157006838,-0.3350169923521844,0.014980074054340584,401.93719308280856,-6.2018656793618785,6.201865692561182,0.0
41.717272163777466,-0.33488906237007143,0.014980082402006063,399.97625402111004,-6.201267652529688,6.2012676657251555,0.0
42.033442101706356,-0.3347611695436809,0.01498009074643587,398.0156940971811,-6.2006699685600255,6.200669981751659,0.0
42.34958140137898,-0.33463331384455436,0.014980099087632795,396.05551305737396,-6.2000726271061,6.200072640293903,0.0
42.66569008030156,-0.3345054952442678,0.014980107425599631,394.09571064832295,-6.19947562782162,6.199475641005595,0.0
42.98176815596265,-0.33437771371443176,0.014980115760339164,392.1362866169443,-6.198878970360803,6.198878983540953,0.0
43.29781564583315,-0.3342499692266912,0.014980124091854171,390.17724071043546,-6.198282654378362,6.1982826675546905,0.0
43.61383256736633,-0.33412226175272536,0.014980132420147433,388.2185726762748,-6.197686679529517,6.197686692702026,0.0
43.92981893799787,-0.33399459126424796,0.014980140745221724,386.2602822622211,-6.197091045469988,6.197091058638682,0.0
44.24577477514588,-0.33386695773300684,0.014980149067079814,384.30236921631325,-6.196495751855987,6.196495765020867,0.0
44.56170009621091,-0.3337393611307841,0.01498015738572447,382.34483328686963,-6.195900798344234,6.195900811505304,0.0
44.877594918576,-0.33361180142939595,0.01498016570115846,380.3876742224878,-6.195306184591941,6.195306197749203,0.0
45.193459259606676,-0.33348427860069263,0.014980174013384537,378.43089177204405,-6.194711910256818,6.194711923410276,0.0
45.509293136651,-0.3333567926165585,0.014980182322405462,376.47448568469287,-6.194117974997074,6.19411798814673,0.0
45.8250965670396,-0.33322934344891186,0.014980190628223984,374.51845570986666,-6.193524378471402,6.193524391617259,0.0
46.14086956808567,-0.33310193106970487,0.014980198930842854,372.56280159727515,-6.192931120339002,6.192931133481063,0.0
46.456612157085004,-0.33297455545092364,0.014980207230264818,370.60752309690525,-6.192338200259555,6.192338213397824,0.0
46.77232435131604,-0.332847216564588,0.014980215526492617,368.6526199590203,-6.191745617893247,6.191745631027726,0.0
47.08800616803985,-0.33271991438275156,0.014980223819528989,366.6980919341596,-6.1911533729007395,6.191153386031431,0.0
47.4036576245002,-0.3325926488775017,0.01498023210937667,364.7439387731385,-6.190561464943197,6.190561478070104,0.0
47.71927873792356,-0.33246542002095925,0.01498024039603839,362.79016022704735,-6.1899698936822665,6.189969906805393,0.0
48.03486952551913,-0.3323382277852788,0.014980248679516877,360.8367560472516,-6.189378658780084,6.189378671899432,0.0
48.350430004478845,-0.33221107214264833,0.014980256959814853,358.8837259853908,-6.188787759899274,6.188787773014846,0.0
48.66596019197744,-0.33208395306528943,0.014980265236935042,356.9310697933788,-6.188197196702946,6.188197209814745,0.0
48.981460105172445,-0.3319568705254569,0.01498027351088016,354.9787872234029,-6.187606968854695,6.187606981962724,0.0
49.29692976120422,-0.3318298244954392,0.014980281781652918,353.02687802792354,-6.187017076018603,6.187017089122865,0.0
49.61236917719598,-0.33170281494755777,0.014980290049256028,351.07534195967395,-6.186427517859232,6.1864275309597305,0.0
49.92777837025381,-0.3315758418541675,0.014980298313692197,349.1241787716596,-6.1858382940416305,6.1858383071383685,0.0
50.24315735746671,-0.3314489051876564,0.014980306574964125,347.173388217158,-6.185249404231325,6.185249417324303,0.0
50.558506155906585,-0.33132200492044567,0.014980314833074514,345.222970049718,-6.184660848094323,6.184660861183546,0.0
50.87382478262832,-0.3311951410249896,0.014980323088026057,343.2729240231596,-6.184072625297118,6.184072638382588,0.0
51.18911325466975,-0.3310683134737754,0.014980331339821448,341.3232498915733,-6.183484735506672,6.183484748588393,0.0
51.50437158905173,-0.33094152223932344,0.014980339588463377,339.37394740931995,-6.182897178390435,6.182897191468409,0.0
51.81959980277813,-0.3308147672941868,0.01498034783395453,337.42501633103024,-6.18230995361633,6.182309966690559,0.0
52.134797912835865,-0.3306880486109516,0.014980356076297585,335.4764564116042,-6.181723060852756,6.181723073923243,0.0
52.44996593619493,-0.33056136616223664,0.014980364315495223,333.52826740621083,-6.1811364997685905,6.181136512835339,0.0
52.765103889808415,-0.3304347199206937,0.014980372551550119,331.5804490702877,-6.18055027003318,6.180550283096193,0.0
53.08021179061254,-0.330308109859007,0.014980380784464942,329.6330011595406,-6.179964371316348,6.179964384375628,0.0
53.39528965552665,-0.33018153594989363,0.014980389014242363,327.68592342994293,-6.179378803288396,6.179378816343946,0.0
53.71033750145329,-0.3300549981661032,0.014980397240885044,325.7392156377356,-6.178793565620086,6.178793578671908,0.0
54.025355345278165,-0.3299284964804177,0.014980405464395647,323.79287753942634,-6.178208657982662,6.17820867103076,0.0
54.34034320387022,-0.329802030865652,0.014980413684776832,321.8469088917894,-6.177624080047831,6.1776240930922075,0.0
54.65530109408164,-0.32967560129465306,0.014980421902031249,319.90130945186513,-6.177039831487773,6.17703984452843,0.0
54.97022903274788,-0.3295492077403004,0.014980430116161552,317.9560789769597,-6.176455911975136,6.176455925012077,0.0
55.28512703668766,-0.3294228501755058,0.014980438327170387,316.0112172246444,-6.175872321183033,6.175872334216261,0.0
55.59999512270305,-0.3292965285732134,0.014980446535060397,314.0667239527555,-6.175289058785047,6.175289071814565,0.0
55.91483330757943,-0.3291702429063995,0.014980454739834224,312.12259891939385,-6.174706124455225,6.174706137481035,0.0
56.229641608085544,-0.32904399314807264,0.014980462941494506,310.1788418829242,-6.17412351786808,6.174123530890185,0.0
56.544420040973534,-0.3289177792712734,0.014980471140043874,308.23545260197506,-6.173541238698587,6.17354125171699,0.0
56.85916862297895,-0.3287916012490745,0.01498047933548496,306.29243083543815,-6.172959286622186,6.172959299636889,0.0
57.17388737082076,-0.3286654590545808,0.01498048752782039,304.34977634246815,-6.172377661314779,6.172377674325785,0.0
57.48857630120139,-0.32853935266092876,0.01498049571705279,302.40748888248226,-6.171796362452731,6.171796375460044,0.0
57.803235430806765,-0.32841328204128717,0.014980503903184778,300.4655682151596,-6.171215389712864,6.171215402716485,0.0
58.11786477630629,-0.3282872471688565,0.01498051208621897,298.52401410044104,-6.170634742772463,6.170634755772396,0.0
58.4324643543529,-0.32816124801686897,0.014980520266157982,296.5828262985288,-6.17005442130927,6.170054434305518,0.0
58.747034181583096,-0.3280352845585887,0.014980528443004421,294.64200456988584,-6.1694744250014875,6.169474437994053,0.0
59.06157427461693,-0.3279093567673115,0.014980536616760898,292.70154867523564,-6.168894753527772,6.168894766516656,0.0
59.37608465005807,-0.32778346461636465,0.014980544787430014,290.7614583755618,-6.168315406567237,6.168315419552445,0.0
59.69056532449379,-0.3276576080791073,0.014980552955014367,288.8217334321075,-6.167736383799457,6.16773639678099,0.0
60.00501631449501,-0.32753178712893005,0.014980561119516556,286.8823736063755,-6.167157684904452,6.167157697882313,0.0
60.31943763661632,-0.32740600173925505,0.014980569280939176,284.94337866012705,-6.1665793095627,6.166579322536893,0.0
60.633829307396,-0.32728025188353577,0.014980577439284814,283.0047483553822,-6.1660012574551395,6.1660012704256655,0.0
60.94819134335603,-0.32715453753525714,0.014980585594556057,281.06648245441903,-6.165423528263147,6.16542354123001,0.0
61.262523761002136,-0.3270288586679355,0.01498059374675549,279.1285807197733,-6.164846121668561,6.164846134631763,0.0
61.5768265768238,-0.3269032152551185,0.014980601895885692,277.1910429142382,-6.164269037353667,6.1642690503132105,0.0
61.89109980729429,-0.326777607270385,0.014980610041949241,275.2538688008637,-6.1636922750012,6.163692287957088,0.0
62.205343468870666,-0.32665203468734505,0.01498061818494871,273.3170581429565,-6.163115834294343,6.163115847246579,0.0
62.51955757799383,-0.32652649747963985,0.01498062632488667,271.3806107040793,-6.162539714916729,6.162539727865315,0.0
62.83374215108852,-0.3264009956209417,0.014980634461765686,269.4445262480507,-6.161963916552437,6.161963929497375,0.0
63.147897204563364,-0.3262755290849541,0.014980642595588324,267.5088045389447,-6.161388438885994,6.161388451827288,0.0
63.46202275481087,-0.32615009784541127,0.014980650726357143,265.5734453410901,-6.160813281602369,6.160813294540022,0.0
63.776118818207465,-0.32602470187607857,0.0149806588540747,263.6384484190706,-6.160238444386979,6.160238457320992,0.0
64.09018541111352,-0.32589934115075225,0.014980666978743552,261.7038135377239,-6.159663926925686,6.159663939856062,0.0
64.40422254987338,-0.3257740156432594,0.014980675100366245,259.7695404621416,-6.15908972890479,6.159089741831533,0.0
64.71823025081537,-0.32564872532745787,0.014980683218945329,257.83562895766886,-6.158515850011037,6.158515862934149,0.0
65.0322085302518,-0.3255234701772362,0.014980691334483346,255.90207878990384,-6.157942289931613,6.1579423028510964,0.0
65.34615740447904,-0.32539825016651386,0.01498069944698284,253.96888972469742,-6.1573690483541474,6.157369061270005,0.0
65.66007688977751,-0.3252730652692407,0.014980707556446345,252.03606152815277,-6.1567961249667045,6.15679613787894,0.0
65.97396700241171,-0.3251479154593974,0.014980715662876398,250.10359396662503,-6.156223519457792,6.156223532366408,0.0
66.28782775863021,-0.3250228007109951,0.01498072376627553,248.1714868067209,-6.155651231516353,6.1556512444213505,0.0
66.60165917466574,-0.32489772099807535,0.01498073186664627,246.23973981529824,-6.155079260831772,6.155079273733155,0.0
66.91546126673514,-0.3247726762947103,0.01498073996399114,244.3083527594657,-6.154507607093865,6.154507619991635,0.0
67.22923405103943,-0.3246476665750025,0.014980748058312666,242.37732540658237,-6.1539362699928875,6.153936282887048,0.0
67.54297754376383,-0.32452269181308474,0.014980756149613363,240.4466575242574,-6.153365249219528,6.153365262110082,0.0
67.85669176107774,-0.32439775198312015,0.014980764237895747,238.51634888034957,-6.152794544464908,6.152794557351858,0.0
68.17037671913482,-0.32427284705930226,0.014980772323162328,236.58639924296696,-6.152224155420588,6.1522241683039365,0.0
68.48403243407297,-0.3241479770158547,0.014980780405415617,234.65680838046666,-6.151654081778555,6.151654094658305,0.0
68.79765892201436,-0.32402314182703124,0.014980788484658121,232.7275760614542,-6.151084323231232,6.1510843361073855,0.0
69.11125619906548,-0.3238983414671158,0.01498079656089234,230.79870205478326,-6.150514879471468,6.150514892344028,0.0
69.42482428131713,-0.3237735759104225,0.014980804634120775,228.87018612955546,-6.14994575019255,6.149945763061519,0.0
69.73836318484443,-0.3236488451312952,0.014980812704345921,226.94202805511975,-6.149376935088187,6.149376947953567,0.0
70.0518729257069,-0.32352414910410804,0.014980820771570272,225.01422760107215,-6.148808433852519,6.148808446714314,0.0
70.36535351994843,-0.32339948780326483,0.014980828835796316,223.08678453725537,-6.148240246180118,6.148240259038331,0.0
70.6788049835973,-0.32327486120319937,0.01498083689702654,221.15969863375844,-6.147672371765978,6.14767238462061,0.0
70.99222733266625,-0.32315026927837526,0.014980844955263431,219.23296966091635,-6.147104810305522,6.147104823156576,0.0
71.30562058315245,-0.32302571200328595,0.014980853010509465,217.30659738930967,-6.146537561494593,6.146537574342072,0.0
71.61898475103756,-0.32290118935245454,0.014980861062767121,215.3805815897642,-6.14597062502947,6.145970637873377,0.0
71.93231985228772,-0.32277670130043384,0.014980869112038874,213.45492203335053,-6.145404000606846,6.145404013447184,0.0
72.24562590285358,-0.32265224782180635,0.014980877158327193,211.5296184913838,-6.1448376879238396,6.144837700760609,0.0
72.55890291867034,-0.3225278288911841,0.014980885201634549,209.6046707354232,-6.144271686677996,6.144271699511202,0.0
72.87215091565777,-0.3224034444832086,0.014980893241963405,207.68007853727178,-6.143705996567278,6.143706009396922,0.0
73.18536990972021,-0.32227909457255105,0.014980901279316223,205.75584166897585,-6.143140617290069,6.143140630116153,0.0
73.49855991674659,-0.32215477913391194,0.01498090931369546,203.83195990282482,-6.142575548545175,6.142575561367702,0.0
73.81172095261047,-0.3220304981420213,0.014980917345103574,201.90843301135075,-6.142010790031822,6.142010802850796,0.0
74.12485303317008,-0.32190625157163827,0.014980925373543015,199.985260767328,-6.141446341449649,6.141446354265071,0.0
74.43795617426828,-0.3217820393975516,0.014980933399016235,198.06244294377282,-6.14088220249872,6.140882215310594,0.0
74.75103039173264,-0.32165786159457915,0.014980941421525678,196.13997931394314,-6.1403183728795145,6.140318385687841,0.0
75.06407570137543,-0.321533718137568,0.014980949441073789,194.21786965133805,-6.139754852292923,6.139754865097706,0.0
75.37709211899364,-0.3214096090013943,0.014980957457663008,192.29611372969748,-6.139191640440257,6.1391916532414985,0.0
75.69007966036905,-0.3212855341609636,0.01498096547129577,190.3747113230019,-6.138628737023242,6.1386287498209455,0.0
76.00303834126817,-0.3211614935912104,0.014980973481974512,188.4536622054719,-6.138066141744017,6.138066154538184,0.0
76.31596817744231,-0.321037487267098,0.014980981489701662,186.53296615156788,-6.137503854305134,6.137503867095768,0.0
76.62886918462765,-0.32091351516361905,0.01498098949447965,184.61262293598966,-6.136941874409557,6.136941887196661,0.0
76.94174137854512,-0.32078957725579493,0.0149809974963109,182.69263233367616,-6.136380201760664,6.136380214544239,0.0
77.25458477490055,-0.3206656735186759,0.014981005495197833,180.77299411980493,-6.135818836062243,6.135818848842293,0.0
77.56739938938466,-0.3205418039273412,0.01498101349114287,178.85370806979205,-6.1352577770184915,6.135257789795018,0.0
77.88018523767305,-0.32041796845689885,0.014981021484148427,176.93477395929142,-6.134697024334019,6.134697037107025,0.0
78.19294233542624,-0.32029416708248554,0.014981029474216914,175.01619156419477,-6.13413657771384,6.134136590483329,0.0
78.50567069828969,-0.3201703997792667,0.014981037461350741,173.09796066063103,-6.13357643686338,6.133576449629353,0.0
78.81837034189384,-0.32004666652243646,0.014981045445552317,171.1800810249661,-6.133016601488475,6.133016614250934,0.0
79.1310412818541,-0.31992296728721753,0.014981053426824046,169.2625524338026,-6.132457071295358,6.132457084054307,0.0
79.44368353377087,-0.3197993020488613,0.014981061405168326,167.34537466397921,-6.13189784599068,6.131897858746123,0.0
79.75629711322958,-0.3196756707826475,0.014981069380587558,165.42854749257066,-6.131338925281485,6.131338938033422,0.0
80.06888203580071,-0.3195520734638846,0.014981077353084134,163.5120706968872,-6.130780308875234,6.130780321623669,0.0
80.38143831703981,-0.3194285100679092,0.014981085322660447,161.59594405447427,-6.130221996479781,6.130222009224716,0.0
80.6939659724875,-0.31930498057008655,0.014981093289318884,159.6801673431122,-6.129663987803392,6.129664000544829,0.0
81.00646501766954,-0.3191814849458102,0.014981101253061834,157.76474034081582,-6.129106282554725,6.129106295292667,0.0
81.31893546809677,-0.319058023170502,0.014981109213891676,155.84966282583412,-6.128548880442852,6.128548893177302,0.0
81.63137733926519,-0.31893459521961204,0.014981117171810793,153.9349345766499,-6.127991781177235,6.127991793908195,0.0
81.94379064665598,-0.3188112010686186,0.014981125126821562,152.0205553719795,-6.1274349844677385,6.127434997195211,0.0
82.25617540573552,-0.3186878406930282,0.014981133078926354,150.10652499077233,-6.126878490024632,6.126878502748619,0.0
82.56853163195537,-0.3185645140683754,0.014981141028127544,148.1928432122106,-6.126322297558581,6.126322310279086,0.0
82.88085934075231,-0.31844122117022294,0.014981148974427495,146.27950981570896,-6.125766406780646,6.125766419497672,0.0
83.19315854754842,-0.3183179619741615,0.014981156917828576,144.36652458091422,-6.125210817402286,6.125210830115835,0.0
83.505429267751,-0.3181947364558099,0.01498116485833315,142.4538872877049,-6.124655529135358,6.124655541845432,0.0
83.81767151675265,-0.3180715445908148,0.014981172795943572,140.54159771619095,-6.124100541692116,6.124100554398718,0.0
84.12988530993131,-0.3179483863548509,0.014981180730662203,138.6296556467134,-6.123545854785204,6.123545867488336,0.0
84.44207066265021,-0.3178252617236206,0.014981188662491391,136.71806085984403,-6.122991468127668,6.1229914808273325,0.0
84.75422759025795,-0.31770217067285417,0.014981196591433491,134.80681313638502,-6.122437381432942,6.1224373941291415,0.0
85.0663561080885,-0.3175791131783097,0.01498120451749085,132.89591225736862,-6.12188359441485,6.121883607107588,0.0
85.3784562314612,-0.31745608921577306,0.01498121244066581,130.9853580040568,-6.121330106787621,6.121330119476899,0.0
85.69052797568082,-0.3173330987610577,0.014981220360960716,129.07515015794093,-6.120776918265859,6.12077693095168,0.0
86.00257135603756,-0.31721014179000473,0.014981228278377905,127.1652885007414,-6.120224028564577,6.120224041246943,0.0
86.31458638780707,-0.31708721827848296,0.014981236192919713,125.25577281440736,-6.119671437399159,6.119671450078073,0.0
86.62657308625045,-0.31696432820238873,0.014981244104588474,123.34660288111631,-6.119119144485393,6.119119157160857,0.0
86.93853146661431,-0.3168414715376459,0.014981252013386518,121.4377784832738,-6.1185671495394525,6.11856716221147,0.0
87.25046154413076,-0.31671864826020574,0.014981259919316172,119.5292994035131,-6.118015452277893,6.118015464946465,0.0
87.56236333401745,-0.31659585834604703,0.01498126782237976,117.62116542469485,-6.117464052417664,6.117464065082794,0.0
87.87423685147756,-0.3164731017711758,0.014981275722579603,115.71337632990677,-6.116912949676101,6.116912962337791,0.0
88.18608211169987,-0.3163503785116257,0.014981283619918021,113.80593190246324,-6.116362143770924,6.116362156429177,0.0
88.49789912985872,-0.3162276885434574,0.01498129151439733,111.89883192590507,-6.115811634420239,6.1158116470750565,0.0
88.80968792111406,-0.31610503184275907,0.014981299406019841,109.9920761839991,-6.1152614213425345,6.115261433993919,0.0
89.12144850061146,-0.31598240838564595,0.014981307294787867,108.08566446073789,-6.114711504256685,6.114711516904641,0.0
89.43318088348218,-0.3158598181482605,0.014981315180703714,106.17959654033939,-6.114161882881952,6.11416189552648,0.0
89.74488508484309,-0.3157372611067722,0.014981323063769687,104.27387220724663,-6.113612556937971,6.1136125695790735,0.0
90.0565611197968,-0.31561473723737793,0.014981330943988085,102.36849124612736,-6.113063526144768,6.113063538782448,0.0
90.36820900343157,-0.31549224651630126,0.01498133882136121,100.46345344187375,-6.112514790222742,6.112514802857003,0.0
90.67982875082144,-0.31536978891979306,0.014981346695891356,98.55875857960204,-6.111966348892682,6.111966361523525,0.0
90.99142037702617,-0.31524736442413104,0.014981354567580818,96.65440644465221,-6.11141820187575,6.111418214503178,0.0
91.30298389709128,-0.31512497300561976,0.014981362436431885,94.75039682258769,-6.110870348893491,6.110870361517507,0.0
91.61451932604807,-0.31500261464059076,0.014981370302446844,92.84672949919499,-6.1103227896678245,6.1103228022884295,0.0
91.92602667891364,-0.31488028930540246,0.014981378165627982,90.94340426048343,-6.109775523921051,6.1097755365382485,0.0
92.23750597069093,-0.31475799697643997,0.014981386025977579,89.04042089268475,-6.109228551375849,6.10922856398964,0.0
92.54895721636872,-0.31463573763011526,0.014981393883497913,87.13777918225284,-6.1086818717552696,6.108681884365658,0.0
92.86038043092164,-0.31451351124286697,0.014981401738191262,85.2354789158634,-6.1081354847827445,6.108135497389732,0.0
93.17177562931019,-0.3143913177911604,0.0149814095900599,83.33351988041358,-6.107589390182076,6.107589402785665,0.0
93.48314282648079,-0.3142691572514876,0.014981417439106097,81.43190186302172,-6.107043587677446,6.107043600277641,0.0
93.79448203736577,-0.31414702960036694,0.01498142528533212,79.530624651027,-6.106498076993408,6.106498089590209,0.0
94.10579327688339,-0.3140249348143437,0.014981433128740236,77.6296880319891,-6.105952857854885,6.105952870448295,0.0
94.41707655993788,-0.31390287286998936,0.014981440969332706,75.72909179368794,-6.10540792998718,6.105407942577202,0.0
94.72833190141942,-0.3137808437439021,0.014981448807111792,73.82883572412331,-6.104863293115962,6.104863305702597,0.0
95.03955931620422,-0.3136588474127064,0.014981456642079748,71.92891961151453,-6.104318946967273,6.1043189595505245,0.0
95.35075881915446,-0.31353688385305317,0.014981464474238829,70.0293432443002,-6.103774891267526,6.1037749038473965,0.0
95.6619304251184,-0.31341495304161965,0.014981472303591287,68.13010641113782,-6.103231125743504,6.1032311383199955,0.0
95.97307414893031,-0.3132930549551094,0.01498148013013937,66.23120890090352,-6.10268765012236,6.102687662695476,0.0
96.28419000541054,-0.3131711895702522,0.014981487953885323,64.33265050269173,-6.102144464131614,6.102144476701355,0.0
96.59527800936554,-0.3130493568638042,0.014981495774831391,62.43443100581485,-6.101601567499154,6.101601580065524,0.0
96.90633817558786,-0.3129275568125476,0.014981503592979813,60.536550199802925,-6.101058959953237,6.101058972516238,0.0
97.21737051885617,-0.3128057893932907,0.014981511408332827,58.63900787440337,-6.1005166412224865,6.100516653782121,0.0
97.52837505393529,-0.3126840545828681,0.014981519220892667,56.741803819580625,-6.09997461103589,6.099974623592159,0.0
97.8393517955762,-0.3125623523581403,0.014981527030661568,54.84493782551586,-6.099432869122803,6.09943288167571,0.0
98.15030075851608,-0.3124406826959939,0.014981534837641758,52.948409682606645,-6.098891415212943,6.098891427762491,0.0
98.46122195747827,-0.3123190455733414,0.014981542641835464,51.05221918146664,-6.098350249036396,6.098350261582587,0.0
98.77211540717236,-0.3121974409671214,0.01498155044324491,49.1563661129253,-6.097809370323607,6.097809382866443,0.0
99.08298112229419,-0.3120758688542983,0.014981558241872316,47.26085026802755,-6.097268778805384,6.0972687913448675,0.0
99.39381911752581,-0.3119543292118623,0.014981566037719904,45.365671438033495,-6.096728474212902,6.0967284867490354,0.0
99.70462940753558,-0.31183282201682955,0.014981573830789886,43.470829414418056,-6.096188456277694,6.096188468810478,0.0
100.01541200697815,-0.3117113472462419,0.014981581621084478,41.57632398887072,-6.095648724731651,6.095648737261092,0.0
100.32616693049448,-0.3115899048771671,0.014981589408605889,39.68215495329521,-6.095109279307031,6.095109291833128,0.0
100.63689419271184,-0.31146849488669837,0.014981597193356328,37.788322099809164,-6.0945701197364475,6.094570132259204,0.0
100.94759380824387,-0.3113471172519548,0.014981604975338,35.89482522074385,-6.0940312457528725,6.094031258272291,0.0
101.25826579169056,-0.31122577195008094,0.014981612754553108,34.00166410864383,-6.09349265708964,6.093492669605722,0.0
101.5689101576383,-0.31110445895824707,0.01498162053100385,32.1088385562667,-6.092954353480438,6.092954365993186,0.0
101.87952692065987,-0.310983178253649,0.014981628304692424,30.216348356582724,-6.092416334659314,6.092416347168731,0.0
102.1901160953145,-0.310861929813508,0.014981636075621026,28.32419330277458,-6.091878600360672,6.09187861286676,0.0
102.5006776961478,-0.3107407136150709,0.014981643843791848,26.43237318823703,-6.09134115031927,6.091341162822031,0.0
102.8112117376919,-0.31061952963560974,0.014981651609207077,24.54088780657661,-6.090803984270223,6.090803996769661,0.0
103.12171823446538,-0.3104983778524222,0.014981659371868903,22.64973695161135,-6.090267101949001,6.090267114445117,0.0
103.43219720097329,-0.3103772582428312,0.014981667131779508,20.75892041737045,-6.089730503091427,6.089730515584223,0.0
103.74264865170723,-0.310256170784185,0.014981674888941072,18.86843799809399,-6.089194187433677,6.089194199923156,0.0
104.0530726011453,-0.3101351154538571,0.014981682643355776,16.97828948823262,-6.088658154712282,6.088658167198446,0.0
104.36346906375219,-0.3100140922292463,0.014981690395025794,15.08847468244726,-6.08812240466412,6.088122417146972,0.0
104.67383805397911,-0.3098931010877766,0.0149816981439533,13.1989933756088,-6.087586937026428,6.08758694950597,0.0
104.98417958626386,-0.3097721420068972,0.014981705890140468,11.309845362797807,-6.087051751536792,6.087051764013025,0.0
105.29449367503088,-0.30965121496408216,0.014981713633589461,9.42103043930421,-6.086516847933142,6.08651686040607,0.0
105.60478033469117,-0.309530319936831,0.014981721374302448,7.532548400627014,-6.0859822259537655,6.085982238423391,0.0
105.91503957964242,-0.309409456902668,0.014981729112281591,5.644399042473992,-6.085447885337296,6.085447897803621,0.0
106.22527142426895,-0.3092886258391427,0.01498173684752905,3.7565821607613956,-6.084913825822715,6.0849138382857415,0.0
106.53547588294175,-0.3091678267238293,0.014981744580046984,1.8690975516136508,-6.084380047149352,6.084380059609082,0.0
106.84268527829295,-0.30904821490188583,0.014981752235890657,0.0,-6.083851653424491,6.083851665880958,0.0
