time_s,x_m,y_m,altitude_m,vz_m_s,speed_m_s,thrust_N
0.0,0.0,0.0,0.0,0.0,0.0,0.0
0.004,0.0,0.0,0.0,0.0,0.0,7.645333333333333
0.008,0.0,0.0,0.0,8.523917316277748E-4,8.544254703200355E-4,15.290666666666667
0.012,-9.419911377193001E-7,-1.4574287460121353E-13,2.8422096718282858E-5,0.017054819588067458,0.017059793350348653,22.936000000000003
0.016,-3.294154915673314E-6,-9.709671028783535E-13,1.6601115190480187E-4,0.055436693782081534,0.05544195844484081,30.581333333333333
0.02,-7.0533668238034765E-6,-3.0565415942468053E-12,5.014948221111499E-4,0.11600294873823092,0.11600831215870225,38.226666666666674
0.024,-1.22182642152326E-5,-6.982269411548289E-12,0.0011236204766049936,0.19875850301519093,0.19876391688318326,45.87200000000001
0.028,-1.8791008274008855E-5,-1.3327953950208145E-11,0.002121155082227734,0.3037082305415185,0.3037136818535096,53.51733333333334
0.032,-2.6779682436381208E-5,-2.2675319959810515E-11,0.003582884936697937,0.4308569134321466,0.43086240495491457,61.16266666666667
0.036000000000000004,-3.6201311038138904E-5,-3.561104651420487E-11,0.005597615177651414,0.5802091776512557,0.580214722824773,68.80800000000002
0.04000000000000001,-4.708546835450735E-5,-5.2731159019883366E-11,0.008254169009419736,0.7517694176281478,0.7517750393098402,76.45333333333336
0.04400000000000001,-5.947843157476823E-5,-7.464701100690978E-11,0.011641386622934576,0.9455417201891867,0.94554745079088,84.09866666666669
0.048000000000000015,-7.344781564413463E-5,-1.0199306324872662E-10,0.01584812383080878,1.1615298002952292,1.161535682602446,91.74400000000004
0.05200000000000002,-8.908761924244815E-5,-1.3543663925258291E-10,0.020963250488331114,1.3997369633761951,1.3997430525855252,99.38933333333338
0.05600000000000002,-1.0560264020278587E-4,-1.7216195834547907E-10,0.027075648903927725,1.6601661317039658,1.660171265706265,107.03466666666671
0.06,-1.2211766116312347E-4,-2.08887277438375E-10,0.03427421224148431,1.9428198091830076,1.942824196260107,114.68
0.064,-1.386326821234612E-4,-2.4561259653127114E-10,0.042634235976901025,2.237494796999122,2.237498606305259,115.28215384615386
0.068,-1.5514770308379893E-4,-2.8233791562416727E-10,0.0521765917350816,2.5339856279324655,2.5339889915285987,115.8843076923077
0.07200000000000001,-1.7166272404413666E-4,-3.190632347170634E-10,0.06290854065656833,2.8322912058633176,2.8322942151956103,116.48646153846155
0.07600000000000001,-1.8817774500447438E-4,-3.5578855380995954E-10,0.07483733973303557,3.1324105515372307,3.132413272542691,117.0886153846154
0.08000000000000002,-2.046927659648121E-4,-3.925138729028557E-10,0.08797024225927125,3.434342793952529,3.4343452757393944,117.69076923076925
0.08400000000000002,-2.2120778692514984E-4,-4.292391919957518E-10,0.10231449824273159,3.738087158308683,3.73808943843404,118.29292307692309
0.08800000000000002,-2.3772280788548756E-4,-4.65964511088648E-10,0.11787735476242535,4.043642953029382,4.043645060858336,118.89507692307694
0.09200000000000003,-2.542378288458253E-4,-5.026898301815441E-10,0.13466605627642783,4.351009557210322,4.351011516136839,119.49723076923078
0.09600000000000003,-2.70752849806163E-4,-5.394151492744403E-10,0.1526878448811916,4.660186409137137,4.660188238100079,120.09938461538462
0.10000000000000003,-2.8726787076650075E-4,-5.761404683673364E-10,0.17194996052751532,4.971172996114578,4.971174710661316,120.70153846153846
0.10400000000000004,-3.037828917268385E-4,-6.128657874602325E-10,0.19245964120137843,5.283968848459059,5.283970461509563,121.30369230769233
0.10800000000000004,-3.202979126871762E-4,-6.495911065531287E-10,0.21422412309985478,5.598573540361235,5.598575062768451,121.90584615384616
0.11200000000000004,-3.3681293364751393E-4,-6.863164256460248E-10,0.23725064078242492,5.914986676691114,5.914988117659512,122.50800000000001
0.11600000000000005,-3.5332795460785166E-4,-7.23041744738921E-10,0.26154642727530625,6.233207885061597,6.2332092524648886,123.11015384615385
0.12000000000000005,-3.698429755681894E-4,-7.597670638318171E-10,0.28711871415234824,6.553236810922496,6.5532381115483265,123.7123076923077
0.12400000000000005,-3.863579965285271E-4,-7.964923829247132E-10,0.31397473159780737,6.875073113386282,6.875074353127156,124.31446153846156
0.12800000000000006,-4.0287301748886484E-4,-8.332177020176094E-10,0.34212170845369816,7.198716461673023,7.19871764567704,124.9166153846154
0.13200000000000006,-4.1938803844920257E-4,-8.699430211105055E-10,0.3715668722539981,7.524166532077252,7.524167664868404,125.51876923076924
0.13600000000000007,-4.359030594095403E-4,-9.066683402034016E-10,0.4023174492529702,7.851423026009373,7.851424111584471,126.12092307692309
0.14000000000000007,-4.52418080369878E-4,-9.433936592962978E-10,0.4343806650288649,8.180485948268391,8.180486990175856,126.72307692307695
0.14400000000000007,-4.6893310133021575E-4,-9.801189783891939E-10,0.4677637456259064,8.51135545698521,8.511356458389683,127.32523076923079
0.14800000000000008,-4.854481222905535E-4,-1.01684429748209E-9,0.5024739175813442,8.844031634883926,8.844032598619675,127.92738461538464
0.15200000000000008,-5.019631432508912E-4,-1.0535696165749862E-9,0.5385184076132564,9.178514544916618,9.178515473531967,128.52953846153846
0.15600000000000008,-5.184781642112289E-4,-1.0902949356678823E-9,0.5759044436783185,9.51480470675231,9.514805602546788,129.1316923076923
0.1600000000000001,-5.349931851715665E-4,-1.1270202547607784E-9,0.6146392550141848,9.852902175753275,9.85290304080901,129.73384615384617
0.1640000000000001,-5.515082061319042E-4,-1.1637455738536746E-9,0.6547300707511916,10.192806892115502,10.192807728323787,130.336
0.1680000000000001,-5.680232270922419E-4,-1.2004708929465707E-9,0.6961841196566297,10.53451873505038,10.53451954413429,130.93815384615385
0.1720000000000001,-5.845382480525796E-4,-1.2371962120394668E-9,0.7390086299013958,10.87803752794281,10.878038311476567,131.5403076923077
0.1760000000000001,-6.010532690129172E-4,-1.273921531132363E-9,0.7832108288457312,11.22336304275978,11.223363802185418,132.14246153846156
0.1800000000000001,-6.175682899732549E-4,-1.3106468502252591E-9,0.8287979428413055,11.570494896513802,11.570495633155554,132.7446153846154
0.1840000000000001,-6.340833109335926E-4,-1.3473721693181552E-9,0.8757771929390705,11.919430536001695,11.919431251078613,133.34676923076924
0.1880000000000001,-6.505983318939303E-4,-1.3840974884110514E-9,0.9241557897831051,12.27016816371958,12.270168858356326,133.9489230769231
0.19,-6.588558423740987E-4,-1.4024601479574985E-9,0.9488720954179316,12.446212519552136,12.446213204363653,134.25
0.19299999999999984,-6.712421080943513E-4,-1.4300041372771692E-9,0.986607594736752,12.710872142620476,12.71087281317318,134.46942857142855
0.19699999999999984,-6.87757129054689E-4,-1.4667294563700654E-9,1.0381581280221521,13.064545679084612,13.06454633148462,134.76199999999997
0.20099999999999985,-7.042721500150267E-4,-1.5034547754629615E-9,1.0911251689549364,13.419125752876848,13.419126388038174,135.05457142857142
0.20499999999999985,-7.207871709753644E-4,-1.5401800945558576E-9,1.145512340283811,13.774610551906443,13.774611170676005,135.34714285714284
0.20899999999999985,-7.37302191935702E-4,-1.5769054136487538E-9,1.2013232577693351,14.130998649060846,14.13099925222485,135.63971428571426
0.21299999999999986,-7.538172128960397E-4,-1.61363073274165E-9,1.258561532404105,14.488288940857148,14.48828952914675,135.93228571428568
0.21699999999999986,-7.703322338563774E-4,-1.650356051834546E-9,1.3172307707248887,14.846480302980734,14.846480877077056,136.22485714285713
0.22099999999999986,-7.868472548167151E-4,-1.6870813709274422E-9,1.3773345747306438,15.205571590944345,15.205572151482942,136.51742857142855
0.22499999999999987,-8.033622757770527E-4,-1.7238066900203383E-9,1.4388765418030196,15.565561640673033,15.565562188247863,136.81
0.22899999999999987,-8.198772967373904E-4,-1.7605320091132344E-9,1.5018602646290673,15.926449269024442,15.926449804191423,137.10257142857142
0.23299999999999987,-8.363923176977281E-4,-1.7972573282061306E-9,1.5662893311259152,16.288233274252462,16.28823379753265,137.39514285714284
0.23699999999999988,-8.529073386580658E-4,-1.8339826472990267E-9,1.6321673243671972,16.650912436421194,16.65091294830364,137.68771428571426
0.24099999999999988,-8.694223596184034E-4,-1.870707966391923E-9,1.699497822511048,17.014485517750128,17.014486018694445,137.9802857142857
0.24499999999999988,-8.859373805787411E-4,-1.907433285484819E-9,1.7682843987288577,17.37895126271368,17.378951753152357,138.27285714285713
0.2489999999999999,-9.024524015390788E-4,-1.9441586045777155E-9,1.838530621135766,17.74430839880183,17.74430887914232,138.56542857142855
0.2529999999999999,-9.189674224994164E-4,-1.980883923670612E-9,1.9102400538651139,18.110556638494078,18.110557109120684,138.858
0.2569999999999999,-9.354824434597541E-4,-2.0176092427635082E-9,1.9834162639424293,18.477697008975294,18.477697470250842,139.15057142857142
0.2609999999999999,-9.519974644200918E-4,-2.0543345618564046E-9,2.0580628179754417,18.845728406991345,18.84572885925881,139.44314285714285
0.2649999999999999,-9.685124853804295E-4,-2.091059880949301E-9,2.1341832775477165,19.21464956567927,19.214650009263202,139.73571428571427
0.2689999999999999,-9.850275063407671E-4,-2.1277852000421972E-9,2.21178119913281,19.58445919698415,19.584459632191972,140.02828571428572
0.2729999999999999,-0.001001542527301105,-2.1645105191350936E-9,2.290860134010514,19.955155992158193,19.95515641928138,140.32085714285714
0.2769999999999999,-0.0010180575482614427,-2.20123583822799E-9,2.371423628185009,20.326738622216137,20.326739041531305,140.61342857142859
0.2809999999999999,-0.0010345725692217805,-2.2379611573208863E-9,2.4534752223047587,20.699205738351246,20.699206150121146,140.906
0.2869999999999999,-0.0010930478900397578,-2.306957059341759E-9,2.5793505362798386,21.259563651155837,21.25956920981344,141.34485714285717
0.29599999999999993,-0.0013076798882886746,-2.5364042642582815E-9,2.77448243128193,22.10382326499617,22.103846919350584,142.00314285714285
0.30949999999999994,-0.001917135482881448,-3.324959754714945E-9,3.0814772361526854,23.378550566589066,23.378622586336185,142.99057142857143
0.32949999999999996,-0.003465822613886452,-5.414020995698854E-9,3.5680793962671338,25.28528549602066,25.2854714412785,144.4534285714286
0.3495,-0.00579847138451757,-1.2081781546776114E-8,4.093032867268692,27.213651866722557,27.2139930750796,145.91628571428572
0.3695,-0.008915735843604607,-4.2141444869565356E-8,4.6567683368529975,29.16344776196932,29.163975264309837,147.37914285714285
0.3895,-0.012809510217658979,-1.2726076806848115E-7,5.259712243381335,31.13446334845845,31.135196966254444,148.842
0.4,-0.015156031339778126,-2.036316643260543E-7,5.592095912390885,32.17767499697426,32.178519368640664,149.61
0.41575000000000006,-0.01904473723130306,-3.7817850781952915E-7,6.111270988584888,33.75056174064777,33.751564605517906,150.27858750000001
0.4357500000000001,-0.02455194326895105,-7.340178720837379E-7,6.806342199376123,35.758527996830644,35.7596995714954,151.1275875
0.4557500000000001,-0.030574408621236122,-1.2898323099571728E-6,7.541690009956816,37.77817894632956,37.779462196849714,151.97658750000002
0.4757500000000001,-0.0369431511059511,-2.0953628972939703E-6,8.31754548810278,39.809247303249506,39.81056340657148,152.8255875
0.49575000000000014,-0.0434449666084267,-3.21320618778643E-6,9.134133970566612,41.85142431308356,41.85268128654193,153.67458750000003
0.5157500000000002,-0.04982877754126325,-4.709101876117835E-6,9.991674193146377,43.904359895874336,43.90546640964496,154.52358750000002
0.5357500000000002,-0.055816191080162184,-6.623945570552544E-6,10.890377553138949,45.96767216110563,45.968552314068766,155.3725875
0.5557500000000002,-0.06109857909071294,-8.997647946356131E-6,11.830447512677551,48.04094779927837,48.04155188812491,156.2215875
0.5757500000000002,-0.06533240947509371,-1.1853123854645422E-5,12.812078875558813,50.12373433926931,50.12405516528687,157.07058750000002
0.5957500000000002,-0.0681431504458837,-1.5284835388936735E-5,13.835457102791038,52.21555353370905,52.215646347962355,157.9195875
0.6,-0.06851991042309655,-1.6101306801059964E-5,14.058320030886616,52.66118241668366,52.66124121722922,158.1
0.6063749999999997,-0.06892262268958363,-1.7390875768093042E-5,14.396167106186828,53.33012828800216,53.33014924597859,158.28073125
0.6159374999999991,-0.06913359315230234,-1.9482816273427293E-5,14.910937064231291,54.33432960792611,54.334329754545315,158.55182812499996
0.6302812499999983,-0.06847121335083506,-2.3012353874640656E-5,15.701107682125278,55.84228504527786,55.842357960977,158.95847343749995
0.6502812499999984,-0.06531358124168322,-2.8792762672279953E-5,16.839003986914488,57.947904521891225,57.948357232575994,159.52547343749995
0.6702812499999984,-0.05918475807704035,-3.565777346129519E-5,18.019045781015908,60.05681858591168,60.05806188064304,160.09247343749996
0.6902812499999984,-0.049757661127320364,-4.375428610782586E-5,19.241297643941664,62.16887388925988,62.171382674422894,160.65947343749997
0.7102812499999984,-0.03676238911482009,-5.323378689654598E-5,20.50582039683247,64.2838643119379,64.28815865046295,161.22647343749998
0.7302812499999984,-0.019954500430295216,-6.42373048298415E-5,21.81266970775912,66.40149951481116,66.40814487445144,161.79347343749996
0.7502812499999985,8.714272239240956E-4,-7.695764828680185E-5,23.161897612980713,68.5217243055937,68.5312763262321,162.36047343749996
0.7702812499999985,0.025835826585814497,-9.164362306526867E-5,24.553556384518362,70.6446071482781,70.65755055472133,162.92747343749997
0.7902812499999985,0.05495456764663803,-1.0837422617161123E-4,25.98770036399556,72.77025931816318,72.7869522506455,163.49447343749995
0.8,0.07058226784143878,-1.1726382002602604E-4,26.699960166110024,73.80421775980211,73.82281399877164,163.77
0.8145781250000024,0.0957874859105856,-1.315667214429062E-4,27.78719472498773,75.355429618461,75.37692991156833,164.00543671875005
0.8345781250000024,0.13368012079844777,-1.5317786174731945E-4,29.315578584343616,77.48280723752819,77.50827566368349,164.32843671875005
0.8545781250000024,0.17515457187522587,-1.7737990105519462E-4,30.886500825398663,79.60925860351762,79.6384897313313,164.65143671875006
0.8745781250000024,0.21983101703279756,-2.0448626321419063E-4,32.49994272265636,81.73475700981695,81.76727907194521,164.97443671875004
0.8945781250000024,0.26721949782537857,-2.3472651303149778E-4,34.15588282238736,83.85900306780633,83.89416085285492,165.29743671875002
0.9145781250000025,0.316797566794351,-2.6823727978757787E-4,35.85429115815575,85.98148829807333,86.01855693219098,165.62043671875006
0.9345781250000025,0.3680577146695764,-3.0479196518336954E-4,37.5951267520323,88.10162978973473,88.13990413712307,165.94343671875004
0.9545781250000025,0.42054853893440913,-3.4387388309703096E-4,39.378336764564736,90.21883045246486,90.25771054925255,166.26643671875007
0.9745781250000025,0.4739220299969837,-3.8439945351384275E-4,41.20385636039343,92.33249032191304,92.37157141654684,166.58943671875005
0.9945781250000025,0.5279748273821602,-4.252852297003792E-4,43.07160901482085,94.44204539954995,94.48115444131288,166.91243671875003
1.0,0.5427355415520796,-4.363160104642886E-4,43.58521037745451,95.01315441738075,95.0522723872859,167.0
1.0081328124999962,0.5649650500976873,-4.527525031084175E-4,44.361412784533556,95.86799061487358,95.90713988190858,166.76492299107156
1.0203320312499904,0.5985237084890944,-4.7708395544264747E-4,45.53871975538959,97.14431932457249,97.18358423985714,166.41230747767884
1.0386308593749818,0.6494355797982014,-5.127411288862543E-4,47.33376434065393,99.04523882628419,99.08492970395363,165.8833842075898
1.0586308593749818,0.7061187892199781,-5.504609164922229E-4,49.33528838012673,101.10379295185034,101.14445430747861,165.30528896949457
1.0786308593749818,0.7643153098047182,-5.871213578934835E-4,51.37777884449432,103.14177892176974,103.18414151013864,164.72719373139932
1.0986308593749818,0.8245608061512303,-6.232766946681972E-4,53.46081879866466,105.1586695767578,105.20354815333124,164.1490984933041
1.1186308593749819,0.8873892669791448,-6.592850042829391E-4,55.583982767565786,107.15415256214361,107.20234278395831,163.57100325520884
1.1386308593749819,0.9532542022450905,-6.950615049524536E-4,57.74684175409093,109.12818372106669,109.1803639652709,162.99290801711362
1.158630859374982,1.0224722507810817,-7.302081581133932E-4,59.948968404716815,111.08097786276957,111.13761715434042,162.4148127790184
1.178630859374982,1.0951673953854166,-7.639517474502108E-4,62.18994234758646,113.01299246723204,113.07423503093506,161.83671754092313
1.198630859374982,1.1712504916560154,-7.95788219740571E-4,64.46935261276808,114.92467488313127,114.99032037659462,161.25862230282792
1.21,1.2159121104753896,-8.128105095239758E-4,65.78208018233758,116.0024462460428,116.07038074247417,160.93
1.227053710937527,1.2846301751294085,-8.36820408341385E-4,67.7740316879512,117.6029270410641,117.67387050062445,159.84125519119894
1.247053710937527,1.367495009343508,-8.628550663722044E-4,70.14462297379941,119.45097834152426,119.52467878401644,158.56441308593577
1.267053710937527,1.4523371126194664,-8.873689120995342E-4,72.55186079404979,121.26750659369151,121.34315462364943,157.28757098067263
1.287053710937527,1.5387352808888801,-9.120110237863286E-4,74.99511008883628,123.05205632560549,123.12903815412542,156.01072887540946
1.307053710937527,1.6263941959562642,-9.388303341011724E-4,77.47372706930675,124.80420526175978,124.88214320867236,154.73388677014628
1.327053710937527,1.7151670773371557,-9.702321810360079E-4,79.98705951207526,126.52353416824387,126.60233295852723,153.45704466488314
1.3470537109375271,1.8050716844706756,-0.0010065153935049566,82.53444692190546,128.20963960251675,128.28949468862237,152.18020255961997
1.3670537109375271,1.8962697391052017,-0.001046465121067408,85.11522158296502,129.8622308488902,129.94352922046716,150.90336045435683
1.3870537109375272,1.9889883338568082,-0.0010883032118860674,87.72871168239179,131.48115882565375,131.56435843144115,149.62651834909366
1.4,2.0499381706067155,-0.001115925350021987,89.43758709667479,132.51111709703096,132.59581332720762,148.8
1.419419433593709,2.1428968269167514,-0.0011572257928625295,92.02563606873078,134.02386686393467,134.11109423991454,146.8376662353557
1.439419433593709,2.240663568594454,-0.0011989608828376025,94.72131967346623,135.53692812987023,135.62695143972905,144.8166662353557
1.459419433593709,2.340523436743891,-0.0012382500907460966,97.44681171258762,137.0047553115888,137.09761245828463,142.79566623535572
1.479419433593709,2.442454732644938,-0.0012755512101307515,100.20120972534906,138.42757703833746,138.52324763934135,140.7746662353557
1.499419433593709,2.5463779073671287,-0.0013140669905912085,102.98361745682661,139.8057940209757,139.9040893462776,138.75366623535575
1.519419433593709,2.6521193870804267,-0.0013588632829443926,105.79314694032226,141.1398181159803,141.24036718938018,136.7326662353557
1.539419433593709,2.759428252289722,-0.0014144519644217984,108.62891754336499,142.42993097182242,142.5322723422368,134.71166623535572
1.559419433593709,2.868056457319314,-0.001480669586878736,111.49005203255953,143.67620558524558,143.77995696056567,132.6906662353557
1.579419433593709,2.9778373491079106,-0.001552518531498087,114.37567307858735,144.87857731074382,144.98356501682875,130.66966623535572
1.6,3.0919524836165437,-0.00162422411813007,117.3696959021596,146.06997667128962,146.1762703897682,128.59
1.62,3.2040121962963357,-0.0016832697991435832,120.30199832221561,147.137863264341,147.24566611181282,121.0366666666666
1.63,3.2605061823755297,-0.0017070837306608698,121.77582310979652,147.62152694007546,147.73020787433177,117.26
1.6449999999999996,3.3458615836107013,-0.0017349739797691609,123.99513489944209,148.26910719491033,148.37921305071367,109.07750000000017
1.65,3.3744783609809192,-0.0017423206965608655,124.73696638899085,148.46154236421248,148.57213840933224,106.35
1.6575000000000004,3.4175537170789876,-0.0017517675764945895,125.8513946556032,148.708283761001,148.81959150425317,95.74199999999934
1.668750000000001,3.482465912413809,-0.0017631172866771842,127.52588673976376,148.9544709502905,149.066727338551,79.82999999999836
1.6856250000000021,3.5803439795324015,-0.0017761675477433565,130.040737451326,149.04669163368257,149.1600124681852,55.961999999996834
1.7,3.66398997217251,-0.0017863012634685635,132.18226325576444,148.8649850645869,148.97878510964856,35.63
1.72,3.7803360000273565,-0.001803924475455632,135.15409854622416,148.25472892058667,148.36843745544863,11.876666666666688
1.73,3.8383254890502214,-0.0018159337186521862,136.63448404878736,147.80654758764368,147.91987098934203,0.0
1.745,3.924897058080525,-0.0018390377261813175,138.84602351577678,147.06649839976598,147.17898377085336,0.0
1.7650000000000001,4.039416362468686,-0.0018789405493468295,141.7775702404039,146.09014537349404,146.20118235738065,0.0
1.7850000000000001,4.152705115413293,-0.0019261141660391087,144.68970705129718,145.12542151107272,145.23462433661982,0.0
1.8050000000000002,4.26464507957134,-0.0019739873558933902,147.5826605655372,144.1717025099107,144.27901696671046,0.0
1.8250000000000002,4.375325433296429,-0.002016999805419321,150.456643331734,143.22823221408575,143.3340505804482,0.0
1.8450000000000002,4.485016982297788,-0.002051912180117914,153.31185483560733,142.29452650474786,142.39943270989275,0.0
1.8650000000000002,4.594022266207713,-0.0020782841906940444,156.14848808862797,141.3703934944424,141.4749277052582,0.0
1.8850000000000002,4.702584823285995,-0.0020990283463079027,158.9667344575463,140.45585734878594,140.56038344128538,0.0
1.9050000000000002,4.810830690882557,-0.0021171732795797374,161.76678757375788,139.55110302642302,139.65572495865501,0.0
1.9250000000000003,4.918750774026138,-0.002135358194540479,164.54884502277025,138.6563117765344,138.76089061115638,0.0
1.9450000000000003,5.026227402796535,-0.002155659990555338,167.3131070516314,137.77156033506802,137.87578067184884,0.0
1.9650000000000003,5.133085697875881,-0.0021802731705124227,170.05977350933387,136.8966993514564,137.00022340266423,0.0
1.9850000000000003,5.239191456899203,-0.00221006758091529,172.7890385612835,136.03137225236736,136.13399593387362,0.0
2.0050000000000003,5.3444605630088,-0.002245430865433587,175.50109018561324,135.175310507102,135.2768957158769,0.0
2.0250000000000004,5.4488400372289325,-0.002286884004749186,178.1961110374825,134.32825144327677,134.4287178244068,0.0
2.0450000000000004,5.552313156475706,-0.002334720454117189,180.87427837122732,133.48991060883498,133.58926823689947,0.0
2.0650000000000004,5.654910053650665,-0.0023882098819333142,183.53576382792184,132.66003025261261,132.75836344672965,0.0
2.0850000000000004,5.756683527799694,-0.002444381316569363,186.1807346930866,131.838417386574,131.93583565943536,0.0
2.1050000000000004,5.857703703017253,-0.0024999786526658245,188.80935425719767,131.0248895746784,131.1215239189621,0.0
2.1250000000000004,5.95799058336492,-0.0025532482431206175,191.4217851863742,130.2195766704429,130.3153354732651,0.0
2.1450000000000005,6.057474159820614,-0.002602963827610316,194.01819152355148,129.42238940038698,129.5171356952334,0.0
2.1650000000000005,6.156122296161059,-0.0026477324108408187,196.59873254341724,128.6329518339775,128.7267301215555,0.0
2.1850000000000005,6.254040747807971,-0.002686955533962846,199.1635578441375,127.8507772336218,127.943895533088,0.0
2.2050000000000005,6.351392351545762,-0.002721165583013551,201.71281130738979,127.07575018391027,127.16849617007016,0.0
2.2250000000000005,6.448338424343714,-0.002751686610981897,204.24663417682783,126.3076954449469,126.40039351465751,0.0
2.2450000000000006,6.545030339484291,-0.0027810400408672556,206.76516591632412,125.546665499669,125.63952869653004,0.0
2.2650000000000006,6.6415296624834195,-0.0028126841102004995,209.26854887510802,124.79284647203087,124.88589282541298,0.0
2.2850000000000006,6.737800552999253,-0.0028489121541587616,211.75692888469044,124.04638758998732,124.13946223395548,0.0
2.3050000000000006,6.83373147640648,-0.0028907771856081397,214.23045384156146,123.3073463359822,123.40017071253348,0.0
2.3250000000000006,6.929146879895824,-0.0029381582247676253,216.68927253463949,122.57575497575424,122.66792231614092,0.0
2.3450000000000006,7.023837143776385,-0.0029892926237483543,219.13353256950856,121.85143397500482,121.94255917815846,0.0
2.3650000000000007,7.117645726308981,-0.003041828189036152,221.56337596390858,121.13401184460051,121.22389607332096,0.0
2.3850000000000007,7.210544236563163,-0.003093059042190464,223.97893602217763,120.42304637434079,120.51175531364362,0.0
2.4050000000000007,7.302603913267642,-0.0031410900761320243,226.38033906657387,119.71827717501641,119.80599711211806,0.0
2.4250000000000007,7.393931367676115,-0.003184494357851066,228.76770753107527,119.019571702831,119.10650492646964,0.0
2.4450000000000007,7.484635507268814,-0.0032222619334010437,231.14116154250314,118.32681168976188,118.41316766826841,0.0
2.4650000000000007,7.574813626256313,-0.0032539760389696678,233.50081961016997,117.6400136413789,117.72590155389007,0.0
2.4850000000000008,7.664459044298327,-0.0032804789939371824,235.84680314444498,116.95935546088259,117.04466409645883,0.0
2.505000000000001,7.753514778161611,-0.0033047452883160186,238.17923403426045,116.28472325377513,116.36935607147639,0.0
2.525000000000001,7.8419516710956065,-0.003329982909742763,240.4982309295807,115.61592235725465,115.6998625784263,0.0
2.545000000000001,7.929779384797752,-0.003358813459898072,242.80390873160815,114.95279284412548,115.03607635020374,0.0
2.565000000000001,8.01702788122573,-0.0033930212094681477,245.0963795062779,114.29519212166959,114.37789446152608,0.0
2.585000000000001,8.103752372628689,-0.0034336336225858125,247.37575226762465,113.64297558235965,113.72521480567899,0.0
2.605000000000001,8.190014377658452,-0.0034805218759346446,249.64213396405566,112.99607418621633,113.07795562139378,0.0
2.625000000000001,8.275871004038354,-0.0035315895785391852,251.89563009593962,112.3544071918807,112.43603640096563,0.0
2.645000000000001,8.361372315240148,-0.003583890730850985,254.13634496857264,111.7179492428243,111.79939543581985,0.0
2.665000000000001,8.446530720588935,-0.00363456593767032,256.36438339414354,111.08680221349515,111.16800847737356,0.0
2.685000000000001,8.531262131477469,-0.003681671661341353,258.5798537920774,110.46114604573167,110.54186900578607,0.0
2.705000000000001,8.615440080352236,-0.0037248584245098623,260.7828652282645,109.84086734910767,109.92088752985472,0.0
2.725000000000001,8.699008162395666,-0.0037645477713801265,262.973521548582,109.22556524500735,109.3049029666346,0.0
2.745000000000001,8.782017473032285,-0.003802094966019543,265.15191952568244,108.6150183487442,108.69380101085709,0.0
2.765000000000001,8.864543477468558,-0.0038386763428175843,267.31815314897165,108.00909660283422,108.08749145078376,0.0
2.785000000000001,8.946696969405755,-0.003875479022799372,269.47231308131205,107.40764204282176,107.48587917102144,0.0
2.805000000000001,9.028586670115164,-0.003913386345189184,271.6144887500707,106.81068890524607,106.88893010957285,0.0
2.825000000000001,9.110252376695664,-0.003952833784088969,273.74477213357375,106.21844916283789,106.29666810062334,0.0
2.845000000000001,9.191647598625213,-0.003993560328641683,275.8632587675512,105.63101372148074,105.70907810059336,0.0
2.865000000000001,9.272684292668858,-0.004034678047304097,277.9700451835399,105.04846272303482,105.12613298178017,0.0
2.885000000000001,9.353190708147574,-0.004074939508681862,280.06523081404185,104.4709207318349,104.54780404290821,0.0
2.905000000000001,9.432978848187087,-0.004113057806455724,282.14891418061836,103.89819352702877,103.97397862003098,0.0
2.925000000000001,9.511933536678345,-0.0041479485637111214,284.22118847977214,103.32995964696701,103.40452660027506,0.0
2.945000000000001,9.590034734054262,-0.004179089200115341,286.28214077360764,102.76595759495173,102.83933697048722,0.0
2.965000000000001,9.667327759653896,-0.004206434122560334,288.3318535375044,102.20596794773223,102.27830395797265,0.0
2.985000000000001,9.743917707366245,-0.004230291405059707,290.3704048052082,101.64978170779169,101.72131537172669,0.0
3.0050000000000012,9.81994301675282,-0.004251399114782945,292.3978693106142,101.09727479805757,101.16827476080839,0.0
3.0250000000000012,9.895549436195944,-0.004270578327109147,294.4143197340678,100.54836488692857,100.61909967557911,0.0
3.0450000000000013,9.970872442765865,-0.004289089649911648,296.41982780886417,100.00304542006262,100.07374206338467,0.0
3.0650000000000013,10.046020481296798,-0.0043079804459355145,298.41446555832624,99.4613230822878,99.53216934602408,0.0
3.0850000000000013,10.121092477108865,-0.004328120314925276,300.3983045609895,98.92318611662675,98.99435198538279,0.0
3.1050000000000013,10.19615127417121,-0.004350037434698725,302.3714178696453,98.38878295381188,98.46033001211329,0.0
3.1250000000000013,10.271193892712477,-0.004373740291717851,304.33388208079094,97.85830559779252,97.930162526972,0.0
3.1450000000000014,10.34615489630262,-0.00439851478894035,306.2857771166611,97.3318774835051,97.40387518820825,0.0
3.1650000000000014,10.420929951415154,-0.004423533493631846,308.22718451579277,96.80954551258598,96.88145418123656,0.0
3.1850000000000014,10.49539097699909,-0.004447842620954448,310.15818618460406,96.29129479716063,96.36285406569223,0.0
3.2050000000000014,10.569406503314774,-0.004470781098817303,312.07886294154633,95.77702187208236,95.84799527839255,0.0
3.2250000000000014,10.642897984796106,-0.004491952106490617,313.98929129766793,95.26639770866602,95.3367326685245,0.0
3.2450000000000014,10.715871697537267,-0.004510910028664573,315.8895419030616,94.75923197545984,94.82897235133089,0.0
3.2650000000000015,10.788354223444044,-0.004527384115827493,317.77968329831276,94.2554800104987,94.32466698799917,0.0
3.2850000000000015,10.860355998625561,-0.004541614108878117,319.6597839441275,93.75514857286507,93.82378480315352,0.0
3.3050000000000015,10.931884075693244,-0.0045540409853197985,321.52991153689743,93.25816788101918,93.32627219967728,0.0
3.3250000000000015,11.002939715813334,-0.004565318920746574,323.3901331508046,92.76455443075379,92.8321008167903,0.0
3.3450000000000015,11.073506737227467,-0.004575845008085625,325.2405158651217,92.27426312434586,92.34122491078604,0.0
3.3650000000000015,11.143579851949703,-0.004586141920337805,327.0811252641384,91.78721086126838,91.85358867274785,0.0
3.3850000000000016,11.213165377170714,-0.004596998713304106,328.91202542206264,91.30332608841152,91.36914019381682,0.0
3.4050000000000016,11.282281596198287,-0.004609158410588818,330.73327890252705,90.82253381377286,90.88782703478411,0.0
3.4250000000000016,11.35095023114267,-0.00462287926419002,332.54494723100646,90.34480756046013,90.4096113708858,0.0
3.4450000000000016,11.419188485068188,-0.004638054963511191,334.3470913363054,89.87010145633823,89.93445035260669,0.0
3.4650000000000016,11.4870218391192,-0.004654251959343288,336.13977087589967,89.39833037455656,89.46228946438758,0.0
3.4850000000000017,11.55449991321459,-0.004671060753204241,337.92304336379954,88.92938714716503,88.99306704655255,0.0
3.5050000000000017,11.621680975780402,-0.0046879813919731865,339.6969650344028,88.4632413334919,88.52674685278211,0.0
3.5250000000000017,11.688628674182485,-0.004704650935654961,341.46159104676127,87.99980755576239,88.06327592405857,0.0
3.5450000000000017,11.755415696117788,-0.004720577903169022,343.21697533556573,87.53907544057368,87.6026299514475,0.0
3.5650000000000017,11.822085141739814,-0.004735269519975825,344.9631729677103,87.08119315407126,87.14484445172829,0.0
3.5850000000000017,11.888588181323874,-0.004748396177238989,346.7002439083668,86.62641995006227,86.68999222694326,0.0
3.6050000000000018,11.954825725710428,-0.0047597457766471495,348.4282504324071,86.17473043818626,86.23803930923197,0.0
3.6250000000000018,12.020737099378465,-0.0047692384866291114,350.14725184376744,85.72586217303943,85.78887323632978,0.0
3.645000000000002,12.086329251002052,-0.004776958452622074,351.85730286621776,85.27968663178764,85.34242931418262,0.0
3.665000000000002,12.151611098186287,-0.004783099094190024,353.55845745684326,84.83624231731345,84.89869832188566,0.0
3.685000000000002,12.216544803007174,-0.004788108293554227,355.2507715651165,84.39563773474102,84.45769191198531,0.0
3.705000000000002,12.281073096933184,-0.004792367695424714,356.9343015142224,83.9578201696329,84.01936787240419,0.0
3.725000000000002,12.345134514150368,-0.0047962252207827604,358.6091031036069,83.52280426502712,83.58370532334934,0.0
3.745000000000002,12.408656981809957,-0.004799973407174788,360.2752319714929,83.0905302101762,83.15066153756686,0.0
3.765000000000002,12.471598030751085,-0.004803974532397791,361.93274142988304,82.66081291101052,82.72015798511424,0.0
3.785000000000002,12.533997066336275,-0.004808408385329759,363.58167964648686,82.23338178534911,82.29208714728973,0.0
3.805000000000002,12.595941757452803,-0.004813437436077305,365.222091382765,81.80815674855882,81.8663947226749,0.0
3.825000000000002,12.657521467184424,-0.004819184900288326,366.8540204919251,81.38511824219364,81.44304676570938,0.0
3.845000000000002,12.718816002246877,-0.004825733517337301,368.47751059862435,80.96425437611478,81.0220148735976,0.0
3.865000000000002,12.77989677642821,-0.004833130315881903,370.09260511666014,80.54555898796146,80.60327626835533,0.0
3.885000000000002,12.8408251100837,-0.004841350284529706,371.69934745556225,80.12904046121425,80.18681748239742,0.0
3.905000000000002,12.901646874407868,-0.004850257972814337,373.29778147338476,79.7147189340743,79.77263305281599,0.0
3.925000000000002,12.962423744692433,-0.00485972670008491,374.88794952691154,79.30241148761567,79.36063519730034,0.0
3.945000000000002,13.023252859455384,-0.004869619985671509,376.46989123417393,78.89210162805647,78.95080905062295,0.0
3.965000000000002,13.084204676887467,-0.004879825418824521,378.04364770844796,78.48391186372618,78.54320386358194,0.0
3.985000000000002,13.145307130505925,-0.004890208523063726,379.6092627917711,78.07798269157965,78.13787785636858,0.0
4.005000000000002,13.2065496017894,-0.004900550107975268,381.166782807062,77.67443608550923,77.73487673947159,0.0
4.025000000000001,13.267853324391519,-0.0049105885058772876,382.71625829378314,77.27357701010374,77.33430468211127,0.0
4.045000000000001,13.329057410145099,-0.004920130727091668,384.2577443166637,76.87547776581945,76.93615021308455,0.0
4.065,13.389989932054807,-0.004929180783209738,385.79129531963906,76.48006561292988,76.54033834250019,0.0
4.085,13.450477051354957,-0.004937801055440063,387.31696435672467,76.08726004750726,76.14679324158921,0.0
4.1049999999999995,13.510362343275057,-0.004946069606221302,388.8348021135851,75.69690788097675,75.75543055014538,0.0
4.124999999999999,13.569540030047945,-0.004953895746488056,390.3448555681992,75.30879462955514,75.36617284143003,0.0
4.144999999999999,13.627969387340022,-0.0049611949724627565,391.84716777927076,74.92276368528361,74.97896956770836,0.0
4.164999999999998,13.68565798020256,-0.004967887421113527,393.3417790142127,74.53866255254641,74.59377494252197,0.0
4.184999999999998,13.742681244349463,-0.004973823879772264,394.82872584984545,74.15630346558054,74.21052937173462,0.0
4.204999999999997,13.799157836686227,-0.004978918927909032,396.30804216690984,73.77560866893172,73.82918496802064,0.0
4.224999999999997,13.855189441206846,-0.004983173808645381,397.7797620019073,73.39667584806378,73.44973861608808,0.0
4.2449999999999966,13.910832758260236,-0.004986646000056572,399.24392106281016,73.0195232017053,73.07217204035138,0.0
4.264999999999996,13.966148303884058,-0.004989352389422846,400.7005542217885,72.64405840304978,72.69643378652691,0.0
4.284999999999996,14.021232001998863,-0.004991305367201011,402.14969365334844,72.27014080821517,72.32245182633535,0.0
4.304999999999995,14.076191666163284,-0.004992530466509717,403.59137008403417,71.89776200931583,71.95020022194316,0.0
4.324999999999995,14.131115442972309,-0.004993126608306403,405.02561476881294,71.52697821126708,71.57968486439604,0.0
4.344999999999994,14.186063699386803,-0.004993196194239546,406.4524602388761,71.1578494319391,71.21092015570191,0.0
4.364999999999994,14.24107132361076,-0.004992844083214701,407.8719403760506,70.79047041884577,70.84393966518293,0.0
4.384999999999994,14.296130857347812,-0.004992184053055689,409.2840916890291,70.42498037024633,70.47879697253545,0.0
4.404999999999993,14.351205014962437,-0.004991353622913839,410.6889525083605,70.06142480218263,70.1155040735229,0.0
4.424999999999993,14.406247236160722,-0.004990529199123327,412.0865615507261,69.69980021633536,69.75405026959001,0.0
4.444999999999992,14.461208708797898,-0.0049899165923195975,413.47695738010873,69.34010383145988,69.39442330605515,0.0
4.464999999999992,14.516044704313902,-0.004989625688078154,414.86017794188456,68.98222831708449,69.03656929653705,0.0
4.484999999999991,14.570769618484547,-0.004989679878609265,416.23625700259413,68.6259416655785,68.68038884000643,0.0
4.504999999999991,14.625425739627332,-0.004990061925025515,417.6052262333452,68.27126184473046,68.32588136081212,0.0
4.524999999999991,14.680013730245612,-0.0049907145680852085,418.96711972587127,67.91840520951693,67.97312016386049,0.0
4.54499999999999,14.734473721084344,-0.004991518526649632,420.3219750946548,67.56744518624882,67.62211732716166,0.0
4.56499999999999,14.788734969734499,-0.0049923590695487696,421.6698301275718,67.21837705223837,67.27285176668164,0.0
4.584999999999989,14.842711745906872,-0.004993165237974225,423.0107229126399,66.87121384617028,66.92530592849505,0.0
4.604999999999989,14.896317400985424,-0.004993896426714158,424.3446909518046,66.52588877537714,66.57943782921402,0.0
4.6249999999999885,14.949484780279018,-0.004994533877047669,425.6717700507911,66.18230306938403,66.23520141747478,0.0
4.644999999999988,15.002172266839143,-0.004995066016319567,426.9919941236241,65.84037455866225,65.89255996973696,0.0
4.664999999999988,15.054362678572137,-0.004995547970901536,428.3053953726451,65.49999070182585,65.55147167270279,0.0
4.684999999999987,15.106089639146134,-0.0049959966897521,429.61200292619316,65.16099010842429,65.21188084705973,0.0
4.704999999999987,15.157418111053554,-0.004996480656249429,430.91184383587876,64.82331787747559,64.873755897922,0.0
4.724999999999986,15.208424048807014,-0.0049970661120122785,432.2049440866163,64.48691491707173,64.53706146313604,0.0
4.744999999999986,15.259192200955518,-0.004997797264022026,433.4913286582372,64.15174699496819,64.201768793868,0.0
4.7649999999999855,15.309798922599157,-0.004998730385826726,434.7710225277712,63.81787459009757,63.8678840508152,0.0
4.784999999999985,15.360269116491184,-0.004999904461872286,436.0440534198839,63.48545863326009,63.535454478958236,0.0
4.804999999999985,15.410597699862635,-0.005001336072916309,437.31045062041346,63.15450385101818,63.204473221331035,0.0
4.824999999999984,15.460778915828133,-0.0050030476036955,438.5702431928264,62.82499252689073,62.8749253160524,0.0
4.844999999999984,15.510808153379918,-0.00500507072976157,439.8234598636196,62.496912373429026,62.54679782662091,0.0
4.864999999999983,15.560682307741661,-0.005007447914733432,441.070128997475,62.17022424119973,62.22006765784567,0.0
4.884999999999983,15.610415594297649,-0.00501012637068332,442.31027757283977,61.844851744371596,61.89469744035455,0.0
4.9049999999999825,15.660029741687103,-0.005013028013571151,443.54393180775736,61.52078754509696,61.57067629829998,0.0
4.924999999999982,15.709549011411847,-0.005016075000171775,444.7711174820553,61.197987934585804,61.24797947675961,0.0
4.944999999999982,15.759004183331944,-0.005019275053897776,445.991859684249,60.87644254386026,60.92659601962076,0.0
4.964999999999981,15.808422229930956,-0.005022623002224644,447.2061835215015,60.556145006254056,60.60651728724941,0.0
4.984999999999981,15.857834430675972,-0.005026058991852198,448.41411358859614,60.23706658594053,60.28772642830108,0.0
5.00499999999998,15.90726946766138,-0.005029478057003135,449.61567447081296,59.91923296298551,59.97022972726925,0.0
5.02499999999998,15.95674171060964,-0.005032800555722938,450.8108915861329,59.60269933590292,59.65404575121616,0.0
5.0449999999999795,16.00624887981629,-0.005035982880086895,451.999791357274,59.28750225330943,59.339184485662635,0.0
5.064999999999979,16.055773564549877,-0.005039060559580523,453.18240107548365,58.973722746712625,59.02567073957697,0.0
5.084999999999979,16.105254981738938,-0.0050420586533492006,454.35875070438885,58.66149834950922,58.71354364455901,0.0
5.104999999999978,16.154610407966704,-0.005045034537410617,455.5288712267791,58.35080715583272,58.40277665916136,0.0
5.124999999999978,16.203756516937688,-0.005048038131445589,456.6927931040346,58.04163031210389,58.09334326268203,0.0
5.144999999999977,16.252609556176434,-0.005051124423503609,457.8505462499087,57.73392442451311,57.785210467355625,0.0
5.164999999999977,16.30109773842536,-0.0050543447209025595,459.0021593414338,57.427603640205646,57.47833819152181,0.0
5.1849999999999765,16.349181140719537,-0.005057740688855602,460.1476588357301,57.12255272719315,57.172685468275695,0.0
5.204999999999976,16.39684350391402,-0.005061317051809358,461.28706957493847,56.81872347026997,56.868231185609496,0.0
5.224999999999976,16.44407224794124,-0.005065057178304498,462.4204159476929,56.516117090477934,56.56496666958232,0.0
5.244999999999975,16.490852417195306,-0.005068885682482979,463.5477222378766,56.2147075888182,56.26287765710838,0.0
5.264999999999975,16.537183197286424,-0.005072679884338407,464.66901174477204,55.914417609948806,55.96193764559672,0.0
5.284999999999974,16.58309903869662,-0.005076289705385002,465.784305602985,55.61513175138128,55.662107084126056,0.0
5.304999999999974,16.62865592582187,-0.005079559241316143,466.89362343325485,55.316810446243814,55.3633609045002,0.0
5.3249999999999735,16.673911377394322,-0.005082349925792727,467.9969843802064,55.01944242817136,55.065680950556306,0.0
5.344999999999973,16.71891962130496,-0.0050845406292332794,469.0944073730376,54.72301142004556,54.769047736243245,0.0
5.364999999999973,16.76373279585405,-0.0050860433964486865,470.18591106214245,54.427517415971046,54.47344854665333,0.0
5.384999999999972,16.80839051116128,-0.005086809167972709,471.2715145345677,54.132990889614355,54.17888422087441,0.0
5.404999999999972,16.852923818138507,-0.005086849163899863,472.351237120092,53.8394205208386,53.88534133382647,0.0
5.424999999999971,16.897377397142645,-0.005086207127713174,473.42509686549494,53.546684634280346,53.59275995163999,0.0
5.444999999999971,16.94181948977515,-0.005084934452444862,474.49310975276813,53.25473686092118,53.30111038037666,0.0
5.4649999999999705,16.98631146735912,-0.005083104544977859,475.55529189719806,52.96362807464887,53.0104086674338,0.0
5.48499999999997,17.03088847299957,-0.005080787649124122,476.611661179226,52.67346061195403,52.72069867574777,0.0
5.50499999999997,17.075566333245337,-0.005078074785978276,477.66223685744757,52.38427490867809,52.43199746958787,0.0
5.524999999999969,17.12034842607338,-0.005075083216301927,478.70703910549815,52.0961270879111,52.14432989869123,0.0
5.544999999999969,17.16522452753939,-0.00507195205666704,479.74608912980835,51.80905721520052,51.85771259516437,0.0
5.564999999999968,17.210172865547282,-0.005068841280572745,480.7794089942112,51.523132602333405,51.57217325701314,0.0
5.584999999999968,17.255144384641103,-0.005065880984096665,481.8070228264542,51.2384596641293,51.2877536966848,0.0
5.604999999999968,17.30007517621714,-0.005063204497424685,482.82895570715436,50.95503187964482,51.00444111001358,0.0
5.624999999999967,17.344907508430733,-0.00506091274704062,483.84523194551326,50.67278327744652,50.72219726721273,0.0
5.644999999999967,17.389595902204544,-0.005059064368247418,484.8558746243341,50.39167215227761,50.44099563769465,0.0
5.664999999999966,17.43409926233682,-0.005057705859949487,485.86090621881647,50.111667885949316,50.160815231347556,0.0
5.684999999999966,17.478383293608502,-0.005056875900823498,486.8603484424943,49.83272967143096,49.881632160617336,0.0
5.704999999999965,17.522419832079983,-0.0050565835106103655,487.8542223223115,49.55482628360587,49.60342725804361,0.0
5.724999999999965,17.566191112393536,-0.005056788344638721,488.8425479295999,49.27789072500476,49.326169283945305,0.0
5.744999999999965,17.60969387960174,-0.005057430694923443,489.8253441222116,49.001880804961644,49.04983682572478,0.0
5.764999999999964,17.652928783847422,-0.005058438584652999,490.80262929848305,48.72679447564006,48.774423249023044,0.0
5.784999999999964,17.69588823827435,-0.005059742196818637,491.7744222452174,48.452656588569354,48.49993179242956,0.0
5.804999999999963,17.738562305730408,-0.005061253600535874,492.740741731043,48.17944260731359,48.22634789518102,0.0
5.824999999999963,17.780949221734122,-0.005062874653264782,493.7016057781438,47.90710441825999,47.953648356303475,0.0
5.8449999999999624,17.823057312917655,-0.005064515143273714,494.6570315238866,47.63560873879355,47.681815022181816,0.0
5.864999999999962,17.864899721781004,-0.00506607070461059,495.60703557714254,47.364930080516515,47.41083214229164,0.0
5.884999999999962,17.906494707047266,-0.005067421471358659,496.5516339798797,47.09504006275337,47.140682319964434,0.0
5.904999999999961,17.94786389744922,-0.005068451308745582,497.4908423166061,46.82591629841929,46.87134997657999,0.0
5.924999999999961,17.9890395402175,-0.005069057073454501,498.42467513575326,46.5574729164006,46.60279183110977,0.0
5.94499999999996,18.030069662202088,-0.005069154752687237,499.35314549351926,46.289668987789305,46.33498190586683,0.0
5.96499999999996,18.070996182738046,-0.005068687619607449,500.2762666341286,46.02258903591288,46.06795170369033,0.0
5.9849999999999595,18.111815544518002,-0.005067633592242197,501.1940553032309,45.75643329832384,45.80178894247179,0.0
6.004999999999959,18.152499361059125,-0.005066000410946371,502.1065301543176,45.49118711826549,45.53648301653986,0.0
6.024999999999959,18.193055125332183,-0.005063808365095149,503.01370670904873,45.22654748840751,45.2718880503303,0.0
6.044999999999958,18.23354994063651,-0.005061097057313631,503.91559519859055,44.96238047255623,45.007932148770166,0.0
6.064999999999958,18.2740502917157,-0.00505790218588653,504.8122055308374,44.69876543469597,44.744647971697276,0.0
6.084999999999957,18.314584657898838,-0.005054262436843904,505.7035507993222,44.435887464703704,44.482126179751724,0.0
6.104999999999957,18.355158076058302,-0.005050221032360035,506.58964613048437,44.17377200787926,44.220377857712506,0.0
6.1249999999999565,18.39577531359993,-0.005045818908857863,507.470506589384,43.912395620827695,43.95938924603323,0.0
6.144999999999956,18.43644401909935,-0.005041093897426851,508.3461468879599,43.651759131952595,43.69915921980969,0.0
6.164999999999956,18.477168437015212,-0.00503607208586679,509.21658198477155,43.391876420930025,43.439693360135564,0.0
6.184999999999955,18.51795021806527,-0.005030776483723154,510.0818270135645,43.132754561568454,43.180993670964654,0.0
6.204999999999955,18.55878776662893,-0.005025246597739239,510.94189734749705,42.87439953713423,42.92306142675336,0.0
6.224999999999954,18.599691946875318,-0.005019537327251697,511.7968070890394,42.61666897381711,42.66582362084698,0.0
6.244999999999954,18.640697540139,-0.005013699593121354,512.6465679668729,42.35951780949037,42.40925775092472,0.0
6.2649999999999535,18.68183003581426,-0.005007792234969843,513.4911925570185,42.10309671197413,42.15343993793584,0.0
6.284999999999953,18.72305943036814,-0.005001873753759223,514.3306987512818,41.84769453275982,41.898508653444324,0.0
6.304999999999953,18.764325048932346,-0.004995994743319242,515.1651071632391,41.59331307399106,41.64445317519831,0.0
6.324999999999952,18.805570289272342,-0.004990187324140088,515.9944376812728,41.33989464777634,41.391234843883666,0.0
6.344999999999952,18.84674664334332,-0.004984472492763358,516.8187091101126,41.08739994932343,41.13882482227831,0.0
6.364999999999951,18.887807817712684,-0.004978865180907186,517.6379397117956,40.83581102196982,40.88720397641196,0.0
6.384999999999951,18.92870578704616,-0.004973374596900691,518.4521475327732,40.58511781649482,40.63635638470276,0.0
6.4049999999999505,18.969393467229533,-0.0049679927532247075,519.2613501876855,40.335280898984074,40.386256327389155,0.0
6.42499999999995,19.00984494866851,-0.004962707165316435,520.0655633771778,40.08614373181881,40.13684319262339,0.0
6.44499999999995,19.050067640478257,-0.004957514379675946,520.8648001121235,39.837632917136965,39.88808841948811,0.0
6.464999999999949,19.09007301316234,-0.0049524192353625745,521.6590729758714,39.58976935898855,39.639994579478284,0.0
6.484999999999949,19.1298557424744,-0.004947423159615963,522.448395659742,39.342616619706625,39.39257683153332,0.0
6.504999999999948,19.16940271246428,-0.004942521374670311,523.2327822778706,39.096161901311525,39.14582586440189,0.0
6.524999999999948,19.20869883491208,-0.004937711194715799,524.0122469297485,38.85042364549243,38.89974160425072,0.0
6.5449999999999475,19.247723347785595,-0.004932997018601279,524.7868039632167,38.60539627718058,38.65431705313357,0.0
6.564999999999947,19.286457691798645,-0.004928383380734488,525.5564674250879,38.36106683885249,38.40954369983793,0.0
6.584999999999947,19.324882362497185,-0.004923876010907351,526.3212512925999,38.11743438865637,38.165416827685746,0.0
6.604999999999946,19.36297958813996,-0.004919485050824845,527.0811693062884,37.874481902478905,37.92192818656891,0.0
6.624999999999946,19.4007268705598,-0.004915221055994922,527.8362354155187,37.63225214537238,37.6790850918951,0.0
6.644999999999945,19.43809027305036,-0.004911090543483365,528.586464233985,37.39074864734607,37.43688578094914,0.0
6.664999999999945,19.475043417517842,-0.004907086375384685,529.3318697991028,37.149904769245495,37.195312415218474,0.0
6.6849999999999445,19.5115916684191,-0.004903202875499783,530.0724639884496,36.909601520470865,36.954332084661175,0.0
6.704999999999944,19.547759627456887,-0.004899438287988515,530.8082572834128,36.66980871770055,36.71393026394384,0.0
6.724999999999944,19.583582284808585,-0.004895786493058383,531.5392592448331,36.43045516794561,36.474076030009826,0.0
6.744999999999943,19.61910874239728,-0.004892239660295367,532.265478124024,36.191496890683815,36.23474226416044,0.0
6.764999999999943,19.654389539161468,-0.004888783627528603,532.986921683731,35.9529251063149,35.99591283017752,0.0
6.784999999999942,19.68946914856461,-0.004885397136287307,533.7035977808303,35.71474977722424,35.75758033969799,0.0
6.804999999999942,19.724387976384545,-0.004882062022353119,534.4155142359597,35.47695960690074,35.51972999777221,0.0
6.824999999999942,19.759183834475998,-0.004878766199881135,535.1226787437702,35.23955580707027,35.28235368153342,0.0
6.844999999999941,19.793890572685356,-0.004875504776308242,535.8250990300012,35.00253644970864,35.045443034604006,0.0
6.864999999999941,19.82853691883312,-0.004872278446445051,536.5227830241668,34.76594820335073,34.80901606709685,0.0
6.88499999999994,19.863129834875163,-0.004869086893754969,537.215740664857,34.52990866916172,34.57313029938307,0.0
6.90499999999994,19.897663705323133,-0.004865924704428853,537.9039830890069,34.294409768774656,34.33777940905225,0.0
6.924999999999939,19.93215686617526,-0.004862789702608611,538.5875187296652,34.059178361924175,34.10281313561129,0.0
6.944999999999939,19.966668947708396,-0.004859677342793012,539.2663511539122,33.82408721508156,33.8681538554095,0.0
6.964999999999939,20.001257320175274,-0.004856588862655083,539.9404837085264,33.58923467438783,33.63385165671789,0.0
6.984999999999938,20.035943131565563,-0.004853527883791955,540.6099238148824,33.354859367316124,33.400043020131925,0.0
7.004999999999938,20.0707257842135,-0.004850497693145972,541.2746814810008,33.12099024379157,33.166744299386586,0.0
7.024999999999937,20.105605868786565,-0.004847499460033038,541.9347665329807,32.88759076722959,32.93393360134566,0.0
7.044999999999937,20.14058831887429,-0.00484453205540058,542.5901882073464,32.654655620565016,32.701607483336076,0.0
7.064999999999936,20.17567461692434,-0.00484159116884033,543.2409561537075,32.42223410450876,32.46979467859647,0.0
7.084999999999936,20.21085407764067,-0.004838669316740982,543.8870815981641,32.190411943715084,32.238544759938996,0.0
7.104999999999936,20.246108565700307,-0.00483575788274429,544.5285767316387,31.95920070799449,32.00786286333538,0.0
7.124999999999935,20.281422934849715,-0.00483284456523598,545.1654533239772,31.728547875836867,31.7777167536852,0.0
7.144999999999935,20.31678853106611,-0.004829913815992702,545.7977222518408,31.498435683181107,31.548094709104745,0.0
7.164999999999934,20.352195370365298,-0.004826950983249546,546.4253945226478,31.268891837522574,31.319010996261877,0.0
7.184999999999934,20.38762607091726,-0.004823945797656625,547.0484820641966,31.03996567322021,31.09049135105225,0.0
7.2049999999999335,20.42305907807047,-0.00482089079479577,547.6669972788361,30.81165818135184,30.862533200847544,0.0
7.224999999999933,20.458473165035965,-0.004817776696520619,548.2809524355124,30.583957604309056,30.635126646001314,0.0
7.244999999999933,20.49384814524935,-0.004814593275780257,548.8903595681448,30.356854618437342,30.408263123337814,0.0
7.264999999999932,20.529165446588376,-0.0048113326703987875,549.4952303986751,30.130314530469807,30.18192052417193,0.0
7.284999999999932,20.564415371937287,-0.004807989677113736,550.0955754244129,29.904269525935096,29.956059763638965,0.0
7.304999999999931,20.59959319492789,-0.004804558845006855,550.6914044241356,29.678714926672004,29.73067605738652,0.0
7.324999999999931,20.63468945168635,-0.004801035156447609,551.2827276795483,29.453705023787727,29.505795375525853,0.0
7.3449999999999305,20.669686678526247,-0.004797414542312428,551.869556368837,29.22925655490113,29.2814231105561,0.0
7.36499999999993,20.70456976140956,-0.004793692080895089,552.451901269488,29.0052987683754,29.05751975720079,0.0
7.38499999999993,20.739343818777602,-0.004789862588536008,553.0297705730302,28.781687676362136,28.834009511285956,0.0
7.404999999999929,20.774025023363944,-0.004785921900314455,553.6031710110797,28.55841704094769,28.610887324755122,0.0
7.424999999999929,20.80862250197679,-0.0047818667124994805,554.172110094491,28.335567060738036,28.388192731562505,0.0
7.444999999999928,20.84313372625424,-0.004777693252177252,554.7365967055849,28.113168846422983,28.165939635832178,0.0
7.464999999999928,20.877553424389802,-0.004773396876979678,555.2966399846089,27.891245005202133,27.944137190012444,0.0
7.4849999999999275,20.911867559516217,-0.004768972381290549,555.8522500742554,27.669852200921405,27.722811058506394,0.0
7.504999999999927,20.946057647371756,-0.004764413522976105,556.4034375651632,27.448973116005085,27.50194919659123,0.0
7.524999999999927,20.980119288241447,-0.004759715197886074,556.9502112183744,27.22843724995401,27.28146502275997,0.0
7.544999999999926,21.014071274954702,-0.004754872448925427,557.4925768455714,27.008170038620353,27.061319597630835,0.0
7.564999999999926,21.047931893955845,-0.004749882510777734,558.0305402077195,26.78824121713628,26.84154587403696,0.0
7.584999999999925,21.081696363123033,-0.004744743694469565,558.564109880521,26.568809877022307,26.622221290939915,0.0
7.604999999999925,21.115347436118668,-0.004739454031126631,559.0932959229673,26.349870825572733,26.403340120181863,0.0
7.6249999999999245,21.14887592532095,-0.004734012402066018,559.6181072939715,26.131324605314347,26.184851124165547,0.0
7.644999999999924,21.182285836504445,-0.004728417278088411,560.1385512219769,25.9131256181889,25.966730092018793,0.0
7.664999999999924,21.21558230980993,-0.004722668080930859,560.6546347091881,25.695287938624197,25.74898202272386,0.0
7.684999999999923,21.248764585250346,-0.0047167660595577076,561.1663654218409,25.47784980220615,25.531623639747284,0.0
7.704999999999923,21.281828828986104,-0.004710713419780105,561.6737513379007,25.260805186989682,25.314649928158452,0.0
7.724999999999922,21.314774115687957,-0.004704511922929862,562.1767999888937,25.04411648534645,25.09804061595361,0.0
7.744999999999922,21.347604107338494,-0.004698163074085472,562.6755182426423,24.827764593414415,24.88178454330603,0.0
7.7649999999999215,21.380324759954572,-0.004691667341448452,563.169912587415,24.611710031837063,24.665860496584965,0.0
7.784999999999921,21.41295250709431,-0.004685026029354505,563.6599880436237,24.39587044368779,24.450225788382276,0.0
7.804999999999921,21.445509113623928,-0.004678240870256134,564.1457487943395,24.180247384676214,24.234878975428124,0.0
7.82499999999992,21.478006111057464,-0.004671314057225541,564.6272002855783,23.964968158861637,24.019882998044185,0.0
7.84499999999992,21.51043835372538,-0.004664247979145925,565.1043501636225,23.750085324219818,23.80526269109075,0.0
7.864999999999919,21.542799822237,-0.004657043913287897,565.5772061272033,23.53556221399936,23.590997603513753,0.0
7.884999999999919,21.57509388178018,-0.0046497037047172635,566.0457745083934,23.321322162555422,23.37704752256276,0.0
7.9049999999999185,21.60732893179109,-0.004642229473190488,566.5100608586005,23.107364318153433,23.163410574381448,0.0
7.924999999999918,21.63950687473549,-0.004634624627814373,566.970071564991,22.89377347900347,22.950128251969122,0.0
7.944999999999918,21.671618865359914,-0.004626892918142202,567.4258144677412,22.68058308019316,22.737215340011346,0.0
7.964999999999917,21.703655873834958,-0.004619038681384597,567.8772973663956,22.467760538129024,22.52465336827462,0.0
7.984999999999917,21.735616792594183,-0.004611067214209524,568.3245268728915,22.25523944554124,22.312407600995204,0.0
8.004999999999917,21.767504890773548,-0.0046029830277992375,568.7675089078228,22.04300714020608,22.100470239631164,0.0
8.024999999999917,21.799329614718964,-0.004594790223210267,569.2062484174202,21.830969452721405,21.888792696308368,0.0
8.044999999999916,21.831110892057158,-0.004586493646707803,569.6407487038667,21.6190844569654,21.677352043974338,0.0
8.064999999999916,21.86286837730775,-0.004578097833628791,570.0710129590008,21.4073780808378,21.46616007854044,0.0
8.084999999999916,21.894613755634236,-0.004569608110271124,570.4970454677763,21.195913865344394,21.255248800705214,0.0
8.104999999999915,21.926353967664152,-0.004561029454181614,570.9188511588262,20.984705409274998,21.04462446185916,0.0
8.124999999999915,21.958086434115668,-0.004552366696645971,571.3364363956216,20.773894299568823,20.834359431105774,0.0
8.144999999999914,21.989792948372777,-0.004543624538395925,571.7498099390929,20.563534333173674,20.624477928075066,0.0
8.164999999999914,22.02145478390833,-0.004534807536103556,572.1589805402704,20.353586084471175,20.414956151612984,0.0
8.184999999999913,22.0530613547788,-0.004525919205927302,572.5639556135895,20.143976646715416,20.205755357576532,0.0
8.204999999999913,22.08460663647633,-0.0045169624300463755,572.9647418076403,19.934696211631437,19.99686873056037,0.0
8.224999999999913,22.116086020696557,-0.004507940323712386,573.3613454912576,19.725721352484218,19.78828312980213,0.0
8.244999999999912,22.147497214559003,-0.004498855971163186,573.7537726171905,19.51703979477804,19.579991026171047,0.0
8.264999999999912,22.178838377754754,-0.004489711741993097,574.1420290058015,19.308646470065742,19.371988413238572,0.0
8.284999999999911,22.210108069547562,-0.004480509358937264,574.5261203530484,19.10053485600079,19.16427064978036,0.0
8.304999999999911,22.241305111265063,-0.004471250407775812,574.9060522516121,18.892702231128492,18.956834917960013,0.0
8.32499999999991,22.27242710839296,-0.004461935853967411,575.2818304189608,18.68516479258862,18.749687098116368,0.0
8.34499999999991,22.303469535394,-0.004452566824198908,575.6534608392944,18.47792673060156,18.542827284718292,0.0
8.36499999999991,22.334428296634822,-0.004443144545392268,576.0209493693957,18.27096879343409,18.33624490926236,0.0
8.38499999999991,22.36530323287156,-0.004433670186636131,576.3843011970739,18.0642538374554,18.129921673033415,0.0
8.404999999999909,22.396096381350922,-0.004424144921626785,576.7435211064424,17.857775185898394,17.923853277958457,0.0
8.424999999999908,22.42681101710914,-0.00441456989597424,577.0986136206466,17.651510198830454,17.718028317073017,0.0
8.444999999999908,22.457452489315013,-0.00440494672302584,577.4495828651136,17.44544782457322,17.512440730469297,0.0
8.464999999999907,22.48802527405524,-0.004395277390284299,577.7964330320602,17.239614226669723,17.307101320398083,0.0
8.484999999999907,22.51852671908393,-0.004385563886625668,578.1391693968602,17.03407092125733,17.10203634759626,0.0
8.504999999999907,22.548950306087807,-0.004375807905780252,578.4777978002605,16.828819419234826,16.89724445984339,0.0
8.524999999999906,22.579287643684577,-0.004366010980305363,578.8123243253012,16.623888470350565,16.69273587581463,0.0
8.544999999999906,22.609526965666646,-0.004356174395560348,579.142755533494,16.419286659161035,16.48851140502053,0.0
8.564999999999905,22.639656306844135,-0.004346299048138706,579.4690979529782,16.21500926903909,16.28456607950045,0.0
8.584999999999905,22.669663681108837,-0.004336385738653606,579.791358051966,16.011053767001496,16.080895953885477,0.0
8.604999999999905,22.699537299867412,-0.004326434977602054,580.1095422079162,15.807407566356765,15.877493254804579,0.0
8.624999999999904,22.729272316552038,-0.004316447225031001,580.4236556632078,15.603964066388212,15.674314081579881,0.0
8.644999999999904,22.758875389110514,-0.004306422854857326,580.7337018050181,15.40067574225661,15.471338572502937,0.0
8.664999999999903,22.788353291903572,-0.004296362320427152,581.0396839295104,15.19757838128108,15.268579957109512,0.0
8.684999999999903,22.817703189037676,-0.004286265875250513,581.341606811911,14.994756221360095,15.066070391252484,0.0
8.704999999999902,22.846917046373683,-0.004276133675583004,581.6394760164399,14.792206618140174,14.863806909393585,0.0
8.724999999999902,22.875990279876607,-0.0042659659710793515,581.9332965068273,14.589874720823648,14.661766594322598,0.0
8.744999999999902,22.904923951183275,-0.004255763049706576,582.2230722859889,14.387734931405364,14.459938401966479,0.0
8.764999999999901,22.933719097005234,-0.004245525055452038,582.5088073083838,14.185809407836754,14.2583299055126,0.0
8.7849999999999,22.96237071606547,-0.004235251855098427,582.7905064777009,13.984152533761709,14.056960780383708,0.0
8.8049999999999,22.99087056753457,-0.004224943261252584,583.0681751958291,13.782761185091802,13.855828116518698,0.0
8.8249999999999,23.019213011162883,-0.004214599256697953,583.3418183982498,13.581593202274004,13.654914488974967,0.0
8.8449999999999,23.047396632499986,-0.004204219835307521,583.6114402785774,13.380628416775028,13.454211215663868,0.0
8.864999999999899,23.075420331593534,-0.004193804847479766,583.8770449362239,13.179875538373492,13.25372063870059,0.0
8.884999999999899,23.103280350372152,-0.004183354143285467,584.1386368849377,12.979358664418688,13.053450831766462,0.0
8.904999999999898,23.130971540529988,-0.004172867535598147,584.3962208450647,12.779070879216428,12.853398079771102,0.0
8.924999999999898,23.158493761120997,-0.004162344620957866,584.6498006337224,12.578925408842744,12.653528684512947,0.0
8.944999999999897,23.18585519140689,-0.004151784920524119,584.8993785524292,12.378883597419842,12.453827207763617,0.0
8.964999999999897,23.21306442417317,-0.004141187858572283,585.1449567415782,12.178958472194333,12.254298070066366,0.0
8.984999999999896,23.24012655868516,-0.004130552913920858,585.3865378947261,11.979181759436957,12.054953211831632,0.0
9.004999999999896,23.267044715743907,-0.0041198795781608715,585.6241250022504,11.779551641530084,11.855791502934709,0.0
9.024999999999896,23.293823509468453,-0.004109167494177312,585.8577206815188,11.580031510984947,11.656795718216436,0.0
9.044999999999895,23.320470118072492,-0.004098416406088513,586.0873268630093,11.380601603264013,11.45795471812197,0.0
9.064999999999895,23.346991615919432,-0.0040876260890256935,586.3129453705495,11.181266121647468,11.25927045559157,0.0
9.084999999999894,23.373393766837776,-0.004076796370031267,586.5345782126723,10.982035667209038,11.060747801350791,0.0
9.104999999999894,23.39968148590171,-0.00406592709431677,586.7522274988562,10.78291385083233,10.862388910713818,0.0
9.124999999999893,23.425856844242293,-0.004055018199646214,586.9658958712517,10.583954298960528,10.664216828259558,0.0
9.144999999999893,23.451917288954235,-0.004044069694831403,587.1755869032868,10.385179613458414,10.466241233734284,0.0
9.164999999999893,23.477860130719336,-0.004033081642028253,587.3813041697382,10.186569255804544,10.268453941110574,0.0
9.184999999999892,23.50368622062718,-0.004022054131925283,587.5830504500037,9.988078142071272,10.070837222958202,0.0
9.204999999999892,23.529398286674933,-0.004010987266087324,587.7808280688885,9.789702107422958,9.873390649238903,0.0
9.224999999999891,23.55499951397595,-0.003999881172476128,587.9746391930178,9.591425830548197,9.676109473278595,0.0
9.24499999999989,23.580494000202307,-0.0039887360218734185,588.1644857233845,9.393242744095941,9.478992933324667,0.0
9.26499999999989,23.60588486220514,-0.003977552011170008,588.3503697246522,9.195187927755809,9.282057561224725,0.0
9.28499999999989,23.631169008301434,-0.003966329383047363,588.5322946602416,8.997341066641452,9.085337237520495,0.0
9.30499999999989,23.656339889494866,-0.003955068437680394,588.7102647829402,8.799700877065124,8.888832085624957,0.0
9.32499999999989,23.68139476354026,-0.003943769544140971,588.8842834291512,8.602176440073311,8.692507580343474,0.0
9.344999999999889,23.706337375110497,-0.003932433081229452,589.0543523498177,8.404728393081232,8.496351396865492,0.0
9.364999999999888,23.731171422368327,-0.003921059455428381,589.2204732468493,8.207386873991153,8.30037913810845,0.0
9.384999999999888,23.75589556126364,-0.003909649081983261,589.3826490161649,8.010219810061121,8.104620456261138,0.0
9.404999999999887,23.78050563332997,-0.003898202410861704,589.5408832284841,7.813225851098538,7.909077550233727,0.0
9.424999999999887,23.805000745671812,-0.0038867199243094383,589.6951786067622,7.616320680828863,7.7137223779068815,0.0
9.444999999999887,23.829385570794127,-0.003875202134543363,589.8455364073327,7.4194682506561085,7.518547384053126,0.0
9.464999999999886,23.853664585409955,-0.003863649574602594,589.9919578683493,7.222699860873305,7.323571066940606,0.0
9.484999999999886,23.877837400863097,-0.0038520628232559997,590.1344454554202,7.026085179998527,7.128825336811424,0.0
9.504999999999885,23.901900909563636,-0.00384044250402494,590.2730023290109,6.8296305425416834,6.934318474048903,0.0
9.524999999999885,23.925850765477726,-0.0038287892702443403,590.4076319751916,6.633368662764358,6.740068339780205,0.0
9.544999999999884,23.949680502624204,-0.003817103830388104,590.5383384651125,6.437315242864784,6.546086801101382,0.0
9.564999999999884,23.97338423499224,-0.0038053869320230937,590.6651257248035,6.241426122165152,6.352366443000301,0.0
9.584999999999884,23.99696246389637,-0.003793639292863641,590.7879958649041,6.045596834338836,6.158883299736352,0.0
9.604999999999883,24.020419143443984,-0.003781861604183462,590.9069499590333,5.849828233155904,5.965652134260447,0.0
9.624999999999883,24.043754410468804,-0.0037700546116812084,591.0219901509175,5.654226735466557,5.772722068069353,0.0
9.644999999999882,24.066962044186518,-0.0037582191738301423,591.1331204745211,5.458842188577845,5.58012295461906,0.0
9.664999999999882,24.09003477471401,-0.0037463562069354694,591.2403453404718,5.2636835487037485,5.387873185068087,0.0
9.684999999999881,24.11296475586038,-0.0037344666880234066,591.3436694284458,5.068766247409455,5.195995448802554,0.0
9.704999999999881,24.13574374711172,-0.0037225516506292815,591.4430976609387,4.874095575813467,5.004512068265807,0.0
9.72499999999988,24.158365260544038,-0.0037106121370072396,591.5386345010553,4.679616125774621,4.813430900060686,0.0
9.74499999999988,24.180825985886838,-0.0036986491564647145,591.6302834313894,4.485305526934375,4.622775667440344,0.0
9.76499999999988,24.20312311633123,-0.0036866637324608443,591.7180478320857,4.291160007190889,4.432581405715709,0.0
9.78499999999988,24.225254782824567,-0.003674656890928831,591.8019308138344,4.097163229630105,4.242886455719591,0.0
9.804999999999879,24.247219582676262,-0.0036626296658965837,591.8819353858023,3.9033201902786967,4.053743819165101,0.0
9.824999999999878,24.26901594663025,-0.003650583119896049,591.958064693342,3.709637822738448,3.8652159259481946,0.0
9.844999999999878,24.29064210890352,-0.003638518344829516,592.0303220062435,3.5161215987680525,3.6773749213374676,0.0
9.864999999999878,24.31209595839431,-0.003626436442357812,592.0987107577484,3.322780792140677,3.490306420297851,0.0
9.884999999999877,24.33337567569471,-0.0036143381384050395,592.1632341767827,3.129585880081307,3.3041017988310464,0.0
9.904999999999877,24.354479958206607,-0.003602223899870324,592.223895236405,2.936543606705892,3.118891756829586,0.0
10.001104406071466,24.452358645033744,-0.0035440264131497944,592.4581584673559,1.938638302775363,2.1750273584654374,0.0
10.09983083122892,24.547264716276143,-0.0034842730388540714,592.60025090384,0.9398703894517421,1.3267901945532545,0.0
10.19445953152845,24.63408438267901,-0.0034269156234299197,592.6447202605419,0.0,0.89846336375567,0.0
10.296398674437496,24.723996648787818,-0.003364951530942453,592.5937782617741,-0.9994590363247375,1.3221719702698966,0.0
10.40403605902019,24.80586598155485,-0.003301438856172075,592.4335798432967,-1.9771725326889549,2.0830420066322084,0.0
10.522192870351724,24.86914924203939,-0.0032366768591004817,592.1426130203141,-2.947923527430368,2.977067218103719,0.0
10.657951362096659,24.90553455358033,-0.0031695511355558682,591.6775501013234,-3.903403605232803,3.905262741834139,0.0
10.826001337989966,24.89255289331626,-0.0030986957776717628,590.944408113834,-4.821881639139155,4.829716278125019,0.0
11.0596170921126,24.764550096579388,-0.003024196671879241,589.7200708614622,-5.659750962822699,5.718967129213367,0.0
11.412485561766253,24.359787328537323,-0.0029616391364868616,587.6242948312916,-6.218760212899747,6.390892805010645,0.0
11.73357020111262,23.867396103194192,-0.0029463294778685513,585.6217233170844,-6.255031858149199,6.45488558633157,0.0
12.05273197143956,23.32048533113683,-0.002954882164721694,583.6265544023445,-6.247523900306109,6.510981836758373,0.0
12.372216510188803,22.71060225355196,-0.0029771866381297783,581.6297879774061,-6.252401340242756,6.559791696314681,0.0
12.691391065459431,22.075027440272965,-0.003008387365446696,579.6336983579436,-6.255422898879361,6.566785923621805,0.0
13.0103507717526,21.4076888212557,-0.003044860431098137,577.6394621905658,-6.249204663980836,6.620635726043365,0.0
13.329567203669523,20.694870794714046,-0.0030850693942509285,575.644029070121,-6.2528655362408,6.655465024824906,0.0
13.648536117899289,19.964829445534505,-0.003128591992401828,573.6494403964871,-6.253611331263997,6.662411083459832,0.0
13.967406428183784,19.23280036858618,-0.0031743492142037835,571.6554356865378,-6.253070198103453,6.660425160763696,0.0
14.286243809861883,18.505509277977417,-0.0032212932913405976,569.6618326159938,-6.252383585585499,6.651226684985533,0.0
14.6050557157875,17.79198894387055,-0.0032686716457914883,567.6686711572463,-6.251299129529515,6.629624353444386,0.0
14.729000000000001,17.52464774020335,-0.0032870631149775455,566.8941166000329,-6.247132115358383,6.59268046292958,0.0
14.73,17.522541754643264,-0.0032872110895685986,566.8878694763483,-6.24711525381561,6.592421684487841,0.0
15.048996576857185,16.889382695592385,-0.0033336249297794772,564.8959052093327,-6.241822945088528,6.514228395158312,0.0
15.368203150402781,16.2959447406278,-0.0033776611965955234,562.9020921090167,-6.250483075865865,6.519685553911273,0.0
15.686907041252782,15.695917759731564,-0.003419131836872646,560.9102153076867,-6.249375623804232,6.535117659961801,0.0
16.00560706839991,15.102580433276378,-0.003459580579844965,558.918798612905,-6.247747219944263,6.505256260222399,0.0
16.32432984637606,14.523674070869772,-0.003499304142561816,556.9273453195581,-6.248713221273358,6.508499144488625,0.0
16.642943074175406,13.93278035009999,-0.003538174759415848,554.9366339107428,-6.247386972463495,6.526634625442916,0.0
16.961563699682134,13.333554424777617,-0.0035770239248412916,552.9460688172557,-6.247504658116487,6.5221392168084,0.0
17.280118116827342,12.728997452834038,-0.0036161263697155,550.9560507382165,-6.246549556375479,6.535828358305431,0.0
17.598661070285562,12.113912510590872,-0.0036555348700986327,548.9662921536476,-6.246325033799912,6.540338992308527,0.0
17.91715533668161,11.513506263609907,-0.003695431076931128,546.9772539427076,-6.243935676052586,6.506962969038248,0.0
18.235711370732563,10.922529913179844,-0.0037351020800141595,544.9880683292926,-6.244828627792602,6.521389000140849,0.0
18.554161776461672,10.31483708984709,-0.0037743328156301073,542.9995235168002,-6.244053639067842,6.53776437070675,0.0
18.872591669269415,9.704775405852844,-0.0038138992669316824,541.0112835285538,-6.243718603136493,6.524700563537185,0.0
19.190978645178635,9.090891931046158,-0.003853705941082602,539.0235287286048,-6.242689135575771,6.543772510989406,0.0
19.50935815460854,8.443448018464611,-0.0038937515539416104,537.0364808122051,-6.23957091914793,6.585089613537447,0.0
19.827836822177225,7.771327270245914,-0.003935037835376071,535.0488862137325,-6.2422358759269425,6.5910600251697975,0.0
20.146119609291457,7.091805634121256,-0.003977721802758254,533.0622181187548,-6.241430696118992,6.60270806547394,0.0
20.464383590405234,6.414572627225248,-0.004021362337217956,531.0759205911853,-6.240644847701147,6.585030035983743,0.0
20.782627813955827,5.748621086601583,-0.004065405171119272,529.0899027668694,-6.240447831111845,6.579070210230212,0.0
21.100822284500534,5.073207114299607,-0.004109270417679414,527.1044683849044,-6.238929189904208,6.602845736045028,0.0
21.419034438591993,4.382966363054731,-0.004153365651577166,525.1191072897374,-6.239293716669327,6.608005251399042,0.0
21.737168265529515,3.6838341394165517,-0.004198049235492188,523.1343102507044,-6.238455400042849,6.621268865982469,0.0
22.05528514389632,3.012129222634613,-0.004243297669714584,521.1509633149267,-6.230841708366679,6.545258833423019,0.0
22.373731040317598,2.3740839858021285,-0.004287988573580157,519.165703188462,-6.237587929290792,6.55129622846504,0.0
22.691772858062485,1.7470426116682154,-0.0043312170608823235,517.1820826365022,-6.236372671392757,6.531195005804068,0.0
23.009817051126202,1.1451642391952053,-0.004373390473181484,515.1988637150058,-6.2349691405236625,6.5021426192980565,0.0
23.32787326405366,0.5341546969813311,-0.004414202436372963,513.216248677907,-6.232104015196156,6.54437245681996,0.0
23.646016143581946,-0.11248278207562758,-0.004454648294449839,511.2331742743277,-6.234460734073465,6.5683862402503745,0.0
24.146016143581946,-1.1315895778783471,-0.0045202710869522815,508.1159484066488,-6.234442736642409,6.5500719076905325,0.0
24.46388665593982,-1.7414710565283567,-0.004562679203415515,506.13513438732787,-6.228581937321939,6.4914350452834935,0.0
24.781996833086847,-2.3527069567564713,-0.004603877403228795,504.15390687843717,-6.227652733692451,6.545338206415646,0.0
25.100095044269978,-3.0006921006811638,-0.004644506614466656,502.17216758351236,-6.232268292295065,6.563812050153707,0.0
25.41789830124021,-3.6626027017471663,-0.004686027161549448,500.1916269082771,-6.231673670519714,6.577857348488958,0.0
25.735672566831802,-4.321742807498463,-0.004728472617629757,498.2115000557029,-6.230800903296609,6.557085224090669,0.0
26.235672566831802,-5.34412233670622,-0.0047957642697942495,495.09608998203754,-6.230839391364818,6.558426700718148,0.0
26.553327814446224,-5.990690532605043,-0.00483836710642417,493.1169998747147,-6.229777092610899,6.550329288864634,0.0
26.870974382797915,-6.623150661809721,-0.00488084505885215,491.1383269193783,-6.2285533442892245,6.529101456020631,0.0
27.188620546153416,-7.224632568922369,-0.004922790448953756,489.16026112075286,-6.225970127550291,6.489059241667032,0.0
27.506335713506093,-7.793734063772731,-0.004963465058032508,487.18199412673016,-6.227114882563379,6.469284886211417,0.0
27.82392971911277,-8.371571946230983,-0.0050024185002192625,485.2046962507207,-6.224618091630333,6.503882049947531,0.0
28.141588397709647,-8.990704648049512,-0.00504081359093907,483.22746057388747,-6.2241881904257195,6.541529743188464,0.0
28.459206325970953,-9.630348903031333,-0.005080278839287194,481.2502305908726,-6.226179418471868,6.544130336458258,0.0
28.77666003489329,-10.265435935610803,-0.005120935931017869,479.27382494411023,-6.225435360083769,6.534574124911503,0.0
29.09408909433289,-10.914414842239204,-0.005162044144755656,477.29811494162146,-6.222763339662001,6.568471902165571,0.0
29.41159189027924,-11.59329294871419,-0.005203845061940624,475.32224748554154,-6.223536228760107,6.592153279540546,0.0
29.728992723436054,-12.269545897288133,-0.005246949752816289,473.34704805410627,-6.222552282037352,6.563431623273106,0.0
30.046381254672518,-12.925744440632798,-0.005290630379280813,471.37203235907145,-6.222860835699723,6.550983868174751,0.0
30.363691596464406,-13.59088413035588,-0.005333929151403803,469.39775417761973,-6.220970463984542,6.580410728197558,0.0
30.681035942078026,-14.282228975271986,-0.005377341831850192,467.4235319968314,-6.221174531357593,6.60272097140151,0.0
30.998307494568266,-14.964290513165865,-0.005421649435242108,465.45010533837774,-6.218810352029531,6.559837931547515,0.0
31.31563731085392,-15.635681185173999,-0.005466119174668487,463.4764761913868,-6.220166672520465,6.579285027188517,0.0
31.63283561798587,-16.31011286655797,-0.005510299794827422,461.5034968150813,-6.219870565665613,6.567532123587006,0.0
31.949986758746967,-16.970257081223085,-0.005554441166269849,459.5309961394034,-6.218997987317004,6.549567583297537,0.0
32.2671201678148,-17.609708877455944,-0.005598094913292576,457.55891393035773,-6.217926995404137,6.525025336329402,0.0
32.58424600255504,-18.260756279202727,-0.005640817814513763,455.58756701970754,-6.214657768715861,6.568798562658446,0.0
32.90147648389375,-18.93328140061113,-0.005683476156137132,453.6156210874828,-6.21760235901937,6.566601967875396,0.0
33.218494591011044,-19.597461542707737,-0.0057267696898181935,451.64464868429917,-6.216844500221914,6.554909079497767,0.0
33.53548925970932,-20.268038681646253,-0.005770122555159728,449.67415259685345,-6.215516558324967,6.577825998889097,0.0
33.852489601551554,-20.926305655048186,-0.005813705241141123,447.70437587013913,-6.212083457921255,6.526148978932496,0.0
34.16960309887211,-21.5452560219213,-0.005857016864678928,445.7341806703806,-6.2137212864723965,6.498739447244014,0.0
34.48657100923291,-22.129411783970774,-0.005898876894893834,443.76486093468765,-6.212266779330872,6.462911952427086,0.0
34.80355117424078,-22.73843549385179,-0.0059388547286779595,441.7973718661835,-6.201690216718298,6.534953110777663,0.0
35.12100995072139,-23.38922526460419,-0.00597878737697191,439.82674116992933,-6.213343433324905,6.539585448207904,0.0
35.437811399107844,-24.01597409174863,-0.006019943947223885,437.8588140786399,-6.210381908289143,6.49951464411307,0.0
35.7547020752682,-24.616596311606774,-0.006061003860118709,435.8905620689723,-6.211895916455877,6.488337670310898,0.0
36.07145370675573,-25.222674486097933,-0.00610113576638657,433.92314343738707,-6.210572895122558,6.510439704179863,0.0
36.38821104783842,-25.838353775573285,-0.006140996872618365,431.9558424229503,-6.210929367224369,6.505159693401881,0.0
36.70488847855572,-26.44693369754123,-0.006181026046216154,429.9890835929762,-6.210283129789812,6.497140924389262,0.0
37.021537172367076,-27.060734084316554,-0.006220908840495543,428.0227725594485,-6.209228284327148,6.513523926088687,0.0
37.33817800255963,-27.67985308548936,-0.006260890395982238,426.05670093639964,-6.209079372668628,6.50597198065498,0.0
37.65476480525129,-28.282018956357014,-0.006301085492094644,424.09123773353167,-6.207503922385621,6.48051524414282,0.0
37.97137036840907,-28.855424477312138,-0.006340837024445158,422.1260872499237,-6.206368177698815,6.45137512003831,0.0
38.28797230878128,-29.38226835481865,-0.0063794098339897565,420.1619321788274,-6.201357869635209,6.396294890091277,0.0
38.604768494017776,-29.88053230784304,-0.006415905860808424,418.19650957508406,-6.206762526613319,6.404354380209611,0.0
38.921227316611706,-30.412940545862323,-0.006450367028998454,416.233512297268,-6.199257705187082,6.451464933456782,0.0
39.23800776885677,-31.008273149150817,-0.006484982564271998,414.2695914464194,-6.199997595637768,6.506182122651018,0.0
39.55468894977948,-31.650104653391114,-0.006521703464980269,412.30568379986937,-6.203061157823814,6.54284436420128,0.0
39.871152320966665,-32.32197609789488,-0.006560981524066748,410.34261666124996,-6.203222269260606,6.57019297731306,0.0
40.187546122541946,-32.989940666745134,-0.006602526326104014,408.3801648150474,-6.20189967960048,6.534222649083426,0.0
40.50394608190816,-33.64686730261497,-0.006645087530789183,406.4177206933619,-6.202932012644539,6.547231310367685,0.0
40.82023210861831,-34.298082881922696,-0.006687780084821239,404.45601111277125,-6.201723362082805,6.523238443539096,0.0
41.136518541057214,-34.924919469996084,-0.006730360767690734,402.49462020704635,-6.200900997112881,6.497600058397312,0.0
41.45278571538417,-35.53825874368486,-0.006772090026067062,400.53340420067906,-6.20137255872478,6.497016295068509,0.0
41.768967675436265,-36.14522675347671,-0.006812944570144485,398.57276857566967,-6.200572351012132,6.4856670650072274,0.0
42.085129314452224,-36.76182699756839,-0.006853154142870957,396.6126878765368,-6.198659290331344,6.512940757689677,0.0
42.40132743080868,-37.38980132717764,-0.006893363400489057,394.6525541893737,-6.199477104342727,6.505946128567282,0.0
42.71742277281988,-37.97839943524886,-0.006933902498381885,392.6942566219231,-6.191072879663224,6.433898565850153,0.0
43.033886147105584,-38.50159746876035,-0.006973369486817779,390.7348172935256,-6.1922832216247325,6.384696211443246,0.0
43.3502266117525,-38.990944781867206,-0.007010140269146325,388.7750812860243,-6.19775995346305,6.385781910654311,0.0
43.66622655790052,-39.50037506914245,-0.007044433942202261,386.8172338772968,-6.193681454000725,6.419074312587527,0.0
43.982373655473296,-40.07032813461867,-0.0070781681270758534,384.8600403307466,-6.1878558846406175,6.4787528569085655,0.0
44.298757449777206,-40.696071351224084,-0.00711362166977726,382.9013601308945,-6.193816218138661,6.519880053020108,0.0
44.61477588742836,-41.327432069635265,-0.007151699838616225,380.94389620883226,-6.194473127327198,6.49706311184887,0.0
44.930699985907886,-41.94094923091956,-0.007191296554320261,378.986890153494,-6.194616940552518,6.486610749164148,0.0
45.246555968235874,-42.557384455229524,-0.007231070396738362,377.03042224632594,-6.193737351476827,6.502214130376741,0.0
45.56239606127159,-43.19115825050449,-0.007271030776205302,375.0742872875822,-6.193131838828963,6.518674783084558,0.0
45.87820632282839,-43.825668599275254,-0.007311646105631522,373.11851204392843,-6.192629371162694,6.502695807383528,0.0
46.1939815323985,-44.43755502127816,-0.007352607123693455,371.1632802827004,-6.191064484285023,6.473542496951546,0.0
46.509775912529136,-45.022701747946755,-0.0073930088441349654,369.2082026836449,-6.190901263469885,6.4513169327236,0.0
46.82551800383197,-45.613165410519464,-0.007432248323114256,367.25373384662225,-6.189258942336411,6.4819209418507615,0.0
47.141283294175274,-46.233188303477775,-0.007471088521265159,365.29930516090496,-6.189737391252687,6.505262959569764,0.0
47.45696362812633,-46.879724901913825,-0.007510678039383425,363.34549677108424,-6.1886604985800195,6.533566459862914,0.0
47.77263838244,-47.53439698005578,-0.007551514443376948,361.39180775778993,-6.189199856721305,6.520817738880974,0.0
48.08822515342125,-48.16671326638386,-0.00759322429756043,359.438874719961,-6.187320437565298,6.488600690167874,0.0
48.403847344662445,-48.78268748882001,-0.007634658597800753,357.4858649067939,-6.1882974205251315,6.48796318364138,0.0
48.71935930216659,-49.39763864040692,-0.007675407271298798,355.5334755537912,-6.187711200175239,6.487432770858902,0.0
49.034840788437585,-49.992784772480405,-0.007715777464925495,353.5818582592276,-6.184598298120711,6.447916056685198,0.0
49.3504207257046,-50.56363166084475,-0.007755331805364206,351.62983986007805,-6.18639344523526,6.44124632408591,0.0
49.66584878184513,-51.106769599312884,-0.007793653088909392,349.6790742560453,-6.182611569104332,6.39896877277201,0.0
49.98140950697429,-51.626836215702,-0.007830489958475684,347.7276509223047,-6.185361872089077,6.400693043537321,0.0
50.2967696768491,-52.16724436886219,-0.007865796340716378,345.7775897641819,-6.181838202015854,6.433275249162864,0.0
50.612249397126185,-52.73214644337058,-0.007901032747050193,343.82698507047854,-6.184121118540313,6.4408246426849205,0.0
50.92755248333066,-53.28827527564547,-0.007937001621264211,341.8773304638259,-6.1827391626068335,6.419499358285321,0.0
51.24286591744259,-53.84281434880837,-0.007973066262770246,339.92788821002875,-6.182368332972391,6.436297646165594,0.0
51.55813816768224,-54.39289976100992,-0.008009118947809469,337.97895876927595,-6.181101266850386,6.410497382571759,0.0
51.87341498046203,-54.912842093774195,-0.008045022135604889,336.030342880775,-6.180200354540956,6.383647591151761,0.0
52.18867771626657,-55.394521829569975,-0.00807986272848209,334.082300511398,-6.178014861765026,6.347487866501903,0.0
52.503991965766744,-55.88755950631483,-0.008112920343511,332.13502272688845,-6.17333169232398,6.39530956053404,0.0
52.81948541142143,-56.440215694392414,-0.008145473287759263,330.1869890470955,-6.175791287080901,6.442106546608631,0.0
53.134793230846434,-57.02647534927828,-0.008179692766847388,328.2392017594222,-6.1790389307380655,6.460319967277427,0.0
53.449875418125536,-57.63074001119101,-0.008215829660419623,326.29242560037744,-6.178220461525267,6.478672238235074,0.0
53.764939488246,-58.242356183439426,-0.008253527766980273,324.3458837517747,-6.178262128561697,6.473418567436709,0.0
54.0799416110098,-58.884327929730546,-0.008292216974726044,322.40093448796466,-6.170538868366174,6.532261430324769,0.0
54.39527818095305,-59.56612660758747,-0.00833244723031713,320.45413272197294,-6.176914307407945,6.550548278327985,0.0
54.7102294918936,-60.26023952114072,-0.008374666862480671,318.50881795024833,-6.176199994070734,6.565457147456591,0.0
55.025157507902875,-60.968800173967736,-0.00841831481731294,316.5638501526078,-6.175624542132218,6.5805637773614585,0.0
55.34005518139859,-61.66168164983121,-0.008463132183100821,314.6197307872882,-6.172001553276826,6.528521550152792,0.0
55.655078032078805,-62.3021952730105,-0.008508030460807758,312.6758768077642,-6.1690332340518195,6.466447995828375,0.0
55.9701927988805,-62.92481004280817,-0.008551279050640279,310.7312474598062,-6.17332296648628,6.493270792995809,0.0
56.28502898189118,-63.56353153281082,-0.008593086265225666,308.78763712015,-6.173481146497043,6.503176098211426,0.0
56.59979754244985,-64.20356379984894,-0.0086347157744484,306.84449807177174,-6.172980933003286,6.49580399578063,0.0
56.9145320913937,-64.84331013529702,-0.008676300410209252,304.90173806913,-6.1724066907006305,6.501723148576297,0.0
57.22923643693202,-65.51414509430614,-0.008717834880343977,302.9601351939988,-6.166812024630094,6.554328932660618,0.0
57.544166813973725,-66.22458078223977,-0.008760392367767551,301.01744029377795,-6.170485624898098,6.582209661771957,0.0
57.858850251686064,-66.95642316895767,-0.008804694884160854,299.07577307746004,-6.169961844681673,6.605864302289878,0.0
58.17350101212667,-67.68856551881566,-0.00885058466504671,297.1344720046883,-6.169439910160892,6.582061778483251,0.0
58.488119034465456,-68.38978260683012,-0.008897267668003224,295.1938642594605,-6.166838417455715,6.5354265583656925,0.0
58.802810445258324,-69.05544065887315,-0.008943357653921936,293.2531134523452,-6.167472215462881,6.504557486016471,0.0
59.11741021245393,-69.69017028296902,-0.00898797760164589,291.312925729817,-6.166851740484808,6.473375448679066,0.0
59.431982367317545,-70.31322075503837,-0.009030869639245,289.3728664468524,-6.1677382921626975,6.481708277679876,0.0
59.74645007986234,-70.93927166041331,-0.009072510219436055,287.43338788726413,-6.167254981984603,6.479990933802205,0.0
60.06088325127011,-71.5751288468839,-0.009113625146358358,285.49440360559623,-6.165949386923193,6.499598099233108,0.0
60.375323846578254,-72.22824312502307,-0.009154798863003452,283.5556023703273,-6.165799529714216,6.5131076872912255,0.0
60.68971296078978,-72.89172869835528,-0.009196554376333687,281.61720092063905,-6.165425452739065,6.520491726614761,0.0
61.004062062623326,-73.55242428278119,-0.009238935460492096,279.6792237104068,-6.164669966196796,6.506511822652602,0.0
61.31839063392924,-74.19828921436999,-0.009281538196384274,277.7416106576065,-6.16391374956453,6.4890405008515195,0.0
61.632698745371144,-74.85063200587842,-0.009323765585923877,275.80449018539866,-6.162338114068083,6.517696085238215,0.0
61.9470282257611,-75.50942954005646,-0.009366020923479042,273.8674213990309,-6.162746914321053,6.500798627005169,0.0
62.26127789235223,-76.14643777140705,-0.009408484920913632,271.93097619240075,-6.16149977549098,6.4733878020750995,0.0
62.57553223699751,-76.76402920269106,-0.00945035663686733,269.9946493780832,-6.161809972243627,6.461618406285134,0.0
62.88971186664681,-77.36991715278833,-0.009491293707385426,268.0588135295025,-6.161304996995594,6.4510218986795484,0.0
63.203858388673396,-77.96335673722746,-0.009531386143555568,266.1233734091202,-6.160589308226136,6.437151102193242,0.0
63.517982580660906,-78.5531016700028,-0.009570653058099435,264.1882344864008,-6.160263221312781,6.443173310109077,0.0
63.832064608590294,-79.16567848763496,-0.009609376308287376,262.25387808665374,-6.15726040459745,6.4777949347424935,0.0
64.14624104067349,-79.81355752010897,-0.009648581241232955,260.319361889357,-6.157579282578175,6.509660398691622,0.0
64.46034245844878,-80.47858008609533,-0.0096891574826449,258.3850985943741,-6.158591135771851,6.514113012112565,0.0
64.77433356968379,-81.14678387626182,-0.009730968434236984,256.4514459945804,-6.158016122236953,6.5171619547092465,0.0
65.08829534057128,-81.8234492427952,-0.009773504686768365,254.5181994339526,-6.157155595408969,6.5306546346894665,0.0
65.40224236235332,-82.50132256224477,-0.009816677343256214,252.5852523066737,-6.1566871434517285,6.518496580289171,0.0
65.71615467493761,-83.15988754007263,-0.009860199532151302,250.65284302123422,-6.15509043246323,6.488877045246303,0.0
66.0300898516928,-83.79299303700411,-0.0099032763714945,248.72058447535065,-6.154830143213276,6.465164352797602,0.0
66.34397976511964,-84.40634389179056,-0.00994529937745226,246.78865385349954,-6.154776118163844,6.450006154216909,0.0
66.65781393043937,-84.97765425910417,-0.00998612920048667,244.8582955066979,-6.146996984423371,6.380888445451673,0.0
66.97198675567557,-85.51949615373097,-0.010025059662047248,242.9259857950253,-6.153937765231768,6.394531575722663,0.0
67.2857467689534,-86.06507522974013,-0.010062019640055425,240.99519958730713,-6.1534699732330855,6.394783399831049,0.0
67.59947223409937,-86.64565107313774,-0.0100981245437011,239.06602697435932,-6.145006416308584,6.45033146687528,0.0
67.91357139020377,-87.26580667018895,-0.010134992555390217,237.1347543880919,-6.15220959802215,6.4653564163267925,0.0
68.22724441666345,-87.89361160835708,-0.010173447839965632,235.20506344889276,-6.151627687439699,6.473287918499099,0.0
68.54088881054247,-88.50640240921314,-0.01021297096538961,233.2760923886574,-6.148742399706781,6.433359845091215,0.0
68.85462209838349,-89.12582550426012,-0.010252545187606588,231.34741851544908,-6.146247950094319,6.481121243287921,0.0
69.16842444351623,-89.79077205063831,-0.010292361876862392,229.4185173872522,-6.147485083550902,6.523124964590236,0.0
69.4821053988593,-90.47575063058504,-0.010333760227770541,227.48985779554573,-6.149465425268069,6.526350941882049,0.0
69.79562715125418,-91.16921511031771,-0.010376588632941441,225.56202557189033,-6.148451442887712,6.5430948857057105,0.0
70.10914246388519,-91.85332145104802,-0.010420414304320846,223.6347286011752,-6.146303505706682,6.503642281755861,0.0
70.42270921785281,-92.53048069543041,-0.010464444613108841,221.7073376631771,-6.147033805156042,6.52649606129234,0.0
70.7361806268792,-93.21696804734137,-0.010508337616091896,219.7803938952835,-6.147189606660094,6.5246158496087805,0.0
71.04958604087179,-93.89704100871249,-0.010552463937761198,217.85394846641523,-6.146442493223427,6.512602823646243,0.0
71.36297153443897,-94.58244303472323,-0.010596500345445067,215.92792155016903,-6.145300141847475,6.534410564220355,0.0
71.67635729613363,-95.25762337185873,-0.010640656528902762,214.00249371634777,-6.142608685977511,6.487698315349408,0.0
71.98982240343432,-95.89625448764463,-0.010684552802746737,212.0768939859691,-6.143286525520834,6.456614310948975,0.0
72.30319498321894,-96.50479413139264,-0.010727119478864889,210.15179263617435,-6.143055509368073,6.429251406227862,0.0
72.61652144667256,-97.07829513990814,-0.01076804710775795,208.22734220233679,-6.140939992483015,6.389233404882721,0.0
72.92989797424175,-97.64616113770003,-0.010807034911695029,206.30279281366336,-6.141724593801097,6.417289551040693,0.0
73.24317662402856,-98.24153654332792,-0.010844857734951394,204.3787376008595,-6.141622605972478,6.440921334278374,0.0
73.55640267226654,-98.84241482022072,-0.010882991774100454,202.45499534369154,-6.141789121690424,6.427813344696408,0.0
73.86956246181396,-99.44129886888624,-0.01092145653044187,200.53169948843885,-6.141370590686817,6.437098204266403,0.0
74.18268586229648,-100.03830497527031,-0.010960022687846316,198.60880294744268,-6.140666063443875,6.423341990465695,0.0
74.49578748880313,-100.6512443913131,-0.010998568512544727,196.68673391185774,-6.136938860107437,6.464197230164943,0.0
74.80902159121203,-101.30468078749377,-0.011037636230032833,194.76429304520394,-6.137847645380945,6.500697810105244,0.0
75.1221516560528,-101.97868888762376,-0.01107825416696879,192.84213633245653,-6.139202236270312,6.509265779264444,0.0
75.435155018118,-102.63195989410403,-0.011120293633234562,190.92121280424658,-6.134937667758909,6.456037005430526,0.0
75.74831836895672,-103.23571644093542,-0.011162398687236886,189.00016570195524,-6.133720827217352,6.405240011356884,0.0
76.06148626917839,-103.81947870067643,-0.011202934222859368,187.07870984535717,-6.137369889538679,6.41972425736555,0.0
76.3744104413885,-104.39094347539277,-0.011242009687848052,185.15855671688638,-6.134952283012925,6.385029846111272,0.0
76.68740044091793,-104.93481687295403,-0.011279990049786371,183.2382408474108,-6.135828715503075,6.368551116686481,0.0
77.00028827586712,-105.46796507685899,-0.0113165182557579,181.31840023408537,-6.135921086704206,6.367608797969919,0.0
77.31311398415248,-106.00772864406642,-0.011351975589868632,179.399070134008,-6.135001981591227,6.379400646317399,0.0
77.62592917422496,-106.55959249697464,-0.011387114319785117,177.48000419550985,-6.134644758092412,6.387529257957053,0.0
77.93870522659462,-107.12917893412441,-0.01142247724984937,175.5614745455926,-6.133108066217879,6.4097099314624275,0.0
78.25150232170225,-107.7225929041784,-0.011458528490519714,173.643089418385,-6.132895405121924,6.429895514747272,0.0
78.75150232170225,-108.67507558323885,-0.011518510611048187,170.57662619388944,-6.1329574928602355,6.414142512869689,0.0
79.06415826756633,-109.26333238114478,-0.011556831501356328,168.65923687038222,-6.13221352896825,6.415291241423541,0.0
79.37679493869051,-109.85928254176653,-0.011594955190306422,166.74221618225843,-6.131355432603208,6.427268365297336,0.0
79.6894181865203,-110.46956487715705,-0.011633226835606164,164.82551276504796,-6.130710363949439,6.441443117717671,0.0
80.00201718017323,-111.09498474537266,-0.011672031717786987,162.90914557426768,-6.1301556637126655,6.455933668508534,0.0
80.31458734255338,-111.74216925164453,-0.011711585740597415,160.99328195904116,-6.128619138319588,6.483672929899499,0.0
80.62717877943157,-112.40092193489441,-0.011752223168829066,159.07741050102874,-6.12937152928118,6.4786964794450155,0.0
80.93967478678617,-113.05610841579319,-0.011793761571091181,157.1620861721725,-6.1288607922782585,6.476904393007789,0.0
81.25213981432746,-113.70728411895892,-0.011835639680074962,155.24712944345993,-6.128233985853364,6.469481831434755,0.0
81.56457981111238,-114.34505106188985,-0.011877555026081808,153.33260433629707,-6.127079846330459,6.448069650538565,0.0
81.87702169888286,-114.9517307983552,-0.011919049956299504,151.4186903194994,-6.124248107517268,6.404660486697315,0.0
82.18955110914628,-115.52987731049917,-0.011959347751957767,149.50436896149097,-6.126255653999892,6.392430400926342,0.0
82.50192119229922,-116.09545151435762,-0.011998104058670201,147.5907582035419,-6.125946852935861,6.3837277667870875,0.0
82.8142501529042,-116.67661142017863,-0.012035686170382056,145.67794286802362,-6.122775339288863,6.4184653818964,0.0
83.12668404672233,-117.28787694743932,-0.01207320135514889,143.76473393664395,-6.1243525763099464,6.438692927456446,0.0
83.4389806574239,-117.90859925776154,-0.012111630800218388,141.85210937038585,-6.124416707233758,6.438987155926051,0.0
83.75121722112395,-118.5280880184415,-0.012150826967544066,139.93993066171703,-6.123852271960428,6.436017748002979,0.0
84.0634258203746,-119.16223653946452,-0.01219036245670159,138.0283630340799,-6.12159921288111,6.466044748887744,0.0
84.3756926077247,-119.79700264350122,-0.012230546571234388,136.1168596634845,-6.1211588903194105,6.434440212309306,0.0
84.68792516065777,-120.41771813573754,-0.012271069168918139,134.20547451186485,-6.12218430797552,6.438320151442541,0.0
85.00004875840267,-121.04814206128013,-0.012311297905317082,132.29475582643516,-6.121162233168075,6.4543294060800855,0.0
85.31216784972177,-121.68585332158365,-0.012351702061636693,130.3842368251287,-6.121081541360597,6.451897731693863,0.0
85.62423446323675,-122.33490309020361,-0.01239241839408037,128.47430362238893,-6.119466598199714,6.4763639060384195,0.0
85.93632686742058,-123.00296550739337,-0.012433664237131744,126.56442681348818,-6.119708615919075,6.4900315723021915,0.0
86.24835039396844,-123.67921810851728,-0.012475775962663999,124.654981784854,-6.119400721506522,6.493994160130598,0.0
86.56033311987143,-124.34443472736947,-0.012518581120083593,122.74609068047958,-6.117758235607884,6.465157009321215,0.0
86.87234313300812,-124.98063902644945,-0.01256138073707676,120.83747157462845,-6.116586980838649,6.431341417524823,0.0
87.18435644156477,-125.59764290084163,-0.012603245497492291,118.92883889960851,-6.117715997127606,6.4263580199538515,0.0
87.49625575294306,-126.22935372579852,-0.012644004960377568,117.0211439948532,-6.115045250886377,6.460111713929953,0.0
87.80823489916983,-126.85420924428179,-0.012684695585750819,115.11377619861968,-6.112488667980504,6.407741049893505,0.0
88.12028815658005,-127.45493377635974,-0.0127251425766347,113.20578696332603,-6.116124172843079,6.412655615440218,0.0
88.43209958993705,-128.0645686031438,-0.012764658085182679,111.29887344070877,-6.115072753370582,6.428499681978453,0.0
88.74390834762892,-128.66779807307793,-0.01280401228271033,109.39238324140437,-6.113513854760724,6.397941994496611,0.0
89.05574034923602,-129.25398146484974,-0.01284308527808648,107.48584799899255,-6.114450129602623,6.39494429778542,0.0
89.36746836911456,-129.82964609882583,-0.012881454807258167,105.57995484306073,-6.113473152201719,6.378688304411977,0.0
89.6791900079958,-130.41658658547055,-0.012919135208139658,103.67466867184326,-6.110806035187785,6.413058853803298,0.0
89.99099152170298,-131.03058128222062,-0.012956846584357922,101.7690519665348,-6.112461790882159,6.429098127512474,0.0
90.30265242562452,-131.6582371739437,-0.012995421242197545,99.86411121244514,-6.111982983039752,6.441875065927737,0.0
90.61428163700164,-132.29161603976456,-0.013034875679646197,97.95947906466503,-6.111724411804776,6.44000674188848,0.0
90.92586795653239,-132.90820973115012,-0.013074945399502248,96.05549809553989,-6.109485890319917,6.406441199454488,0.0
91.23751238914987,-133.53018920331894,-0.013114786806363058,94.15180256987773,-6.10761363989242,6.44685393055317,0.0
91.54919631816651,-134.17423417562577,-0.013154693493441259,92.24777318459981,-6.110080042840129,6.450862935724297,0.0
91.86069843395761,-134.81010171392458,-0.013195316794203113,90.34463231972616,-6.10903994637982,6.432348738951354,0.0
92.1721976276887,-135.44705489445818,-0.013236050790550187,88.44177838986597,-6.108352381786901,6.451478424143854,0.0
92.48367595429647,-136.1025494021188,-0.013276871726564514,86.5392282578328,-6.107907752607682,6.469627749863502,0.0
92.98367595429647,-137.16413419700336,-0.013343823190882967,83.48528893576147,-6.107849535677639,6.463139334073478,0.0
93.29503434473968,-137.82796951155328,-0.013386142284082575,81.58372396541128,-6.106788185460512,6.474456814677906,0.0
93.60639103203691,-138.4737422674248,-0.013428602674157856,79.68298008444579,-6.102642082218164,6.4211939602505,0.0
93.91790344769622,-139.09842177756832,-0.013470580548644633,77.78142528212425,-6.105890911864462,6.4292370448966745,0.0
94.22919433839081,-139.72210576826404,-0.013511600641173427,75.88080495150933,-6.105326232164443,6.422644560080857,0.0
94.5404582922185,-140.34022301703695,-0.013552127610788292,73.98051858094654,-6.104801842060172,6.417197140109689,0.0
94.85169328465882,-140.95009644866647,-0.01359222680379385,72.08060268174607,-6.104081769025333,6.4053231260663415,0.0
95.16290932285517,-141.53811221004466,-0.013631841729599917,70.18123752560925,-6.102006112206843,6.372696710271373,0.0
95.47417557677169,-142.1278523262516,-0.013670516373105273,68.28203324063267,-6.101078938483745,6.405643848219037,0.0
95.78543350692553,-142.7430793280604,-0.013708774711255532,66.3828403129492,-6.1022594744185845,6.422106982492574,0.0
96.09657563069626,-143.35207332446737,-0.013747628463478368,64.48438948936102,-6.1008507993102,6.393772880621801,0.0
96.40773403932197,-143.95915643948666,-0.013786591527107433,62.58609194809516,-6.10063557317854,6.416682320962645,0.0
96.71884789523321,-144.57074552704768,-0.013825542319096829,60.68809133900694,-6.100689266751811,6.402515360095911,0.0
97.02990351653975,-145.18559963402808,-0.01386462721632891,58.79058625227021,-6.099733787919595,6.422594505311965,0.0
97.3409523963655,-145.81324580992435,-0.013903889290972702,56.893242058160524,-6.099919174486705,6.427245604792689,0.0
97.65193638773923,-146.41971573596464,-0.013943631156699138,54.99691110649187,-6.095762945945693,6.377721067889331,0.0
97.9630769961701,-147.01165727897683,-0.013982963011065289,53.09986311489234,-6.098389409586194,6.396385877020368,0.0
98.27402821065833,-147.6128389315412,-0.014021591380652357,51.203572028778666,-6.098321828442881,6.398589327034406,0.0
98.58492752559677,-148.22658537370148,-0.014060172831186905,49.30783066508828,-6.096889113502987,6.420009398769485,0.0
98.89584458110582,-148.83685247230804,-0.014099136517851624,47.4123847078439,-6.09572575698747,6.389304908037288,0.0
99.2067656789444,-149.41564234777337,-0.014138175660556649,45.51722671194782,-6.094878284170412,6.3575482349591965,0.0
99.7067656789444,-150.28455227641595,-0.014198733147168902,42.46977443049338,-6.094930841647347,6.3188089794267235,0.0
100.01758323377432,-150.8136147004892,-0.014234454839971765,40.575430109013716,-6.094498565042769,6.337265431598642,0.0
100.32836764792816,-151.34941334688492,-0.014269266540822076,38.681330545473166,-6.094655570614492,6.330217065841141,0.0
100.63908890211282,-151.90236239755822,-0.014303826796039282,36.788139939691085,-6.091125609690353,6.365387684272094,0.0
100.94993509211217,-152.48873645890362,-0.014338831553657883,34.89448685523126,-6.092733452334749,6.3894292364754,0.0
101.26064414167803,-153.08072370205247,-0.014375107311172877,33.00139225871805,-6.092908383063055,6.378168406271606,0.0
101.57128920305257,-153.70053662433213,-0.014412179907155468,31.109915187264917,-6.084829534827681,6.438436490286644,0.0
101.8822916395569,-154.3491107505121,-0.014450604186568973,29.216428806081282,-6.091836361854266,6.4328001402410475,0.0
102.19288132099157,-155.00190997350566,-0.014490547548827015,27.32454280343647,-6.090706174046013,6.454759680380891,0.0
102.50347365552634,-155.66368379506108,-0.014531426004909965,25.432776341456897,-6.090962538501417,6.450760175155965,0.0
102.81399796764076,-156.31522281745373,-0.014573048935860918,23.54153238378526,-6.0900093460754015,6.4328760276507975,0.0
103.12451596311524,-156.93535242348437,-0.01461470954365907,21.651060196594518,-6.086239468760858,6.382519709253011,0.0
103.43517138994244,-157.54471940628756,-0.014655404040933928,19.760008075293154,-6.088356292305822,6.4087701869730065,0.0
103.74566392662985,-158.16384751072016,-0.014695243643465807,17.86954764964828,-6.088815151580559,6.4048217789373085,0.0
104.05607822940833,-158.79091542678105,-0.01473497287592363,15.979682995824307,-6.087586753279927,6.424518850736634,0.0
104.3665003652602,-159.43981007371215,-0.014774907002865342,14.090073593686665,-6.086863351266812,6.44795787721313,0.0
104.67690461395878,-160.09440979803938,-0.014815640215654303,12.200662564222277,-6.087010153274535,6.435893869882519,0.0
104.98724662790404,-160.72675459033982,-0.014856943814246019,10.31193656900704,-6.084889946261492,6.400453688689773,0.0
105.29764205290446,-161.32333763127397,-0.014897827194947226,8.42341747215871,-6.083582555198841,6.361306031708665,0.0
105.60804947765546,-161.89259292144285,-0.014937357137044159,6.534773113756653,-6.085226614988434,6.348336215367128,0.0
105.91831836828113,-162.44264365339964,-0.014975319589026707,4.646865513778185,-6.084266731066374,6.327342594688941,0.0
106.22858157443655,-162.98626156002098,-0.015011896717318438,2.759117203477647,-6.084422774159647,6.3358927669425755,0.0
106.68214059725395,-163.75930468000885,-0.015063913314519674,0.0,-6.082096089640607,6.2997131029558,0.0
